commits,commits_in_hour,prob,agg
1,4100918,0.434150465098676,0.434150465098676
2,1442903,0.152755311991675,0.58690577709035
3,783248,0.0829198446512726,0.669825621741623
4,528450,0.0559452330627911,0.725770854804414
5,375276,0.0397292142735774,0.765500069077991
6,289830,0.0306833321952668,0.796183401273258
7,225698,0.0238938919704907,0.820077293243749
8,185858,0.0196761644934889,0.839753457737238
9,152477,0.0161422297316968,0.855895687468935
10,130452,0.0138105166874959,0.869706204156431
11,109650,0.0116082785605735,0.881314482717004
12,95682,0.0101295331439379,0.891444015860942
13,82316,0.00871451945273292,0.900158535313675
14,73578,0.00778945663410738,0.907947991947782
15,64102,0.0067862642251699,0.914734256172952
16,57859,0.00612533870712467,0.920859594880077
17,51048,0.00540428092986916,0.926263875809946
18,46064,0.00487664152862978,0.931140517338576
19,41837,0.00442914318411958,0.935569660522695
20,37871,0.00400927603618311,0.939578936558879
21,34023,0.00360190115336426,0.943180837712243
22,31572,0.00334242198553967,0.946523259697782
23,28431,0.00300989482677304,0.949533154524556
24,26778,0.00283489724847274,0.952368051773028
25,24129,0.0025544564832474,0.954922508256276
26,22365,0.00236770770640424,0.95729021596268
27,20467,0.00216677279798684,0.959456988760667
28,19204,0.00203306321456683,0.961490051975233
29,17796,0.00188400296638363,0.963374054941617
30,16942,0.00179359284426115,0.965167647785878
31,15608,0.00165236672843986,0.966820014514318
32,14524,0.00153760727600336,0.968357621790322
33,13459,0.00142485928998411,0.969782481080306
34,12864,0.00136186863112829,0.971144349711434
35,11977,0.00126796490943902,0.972412314620873
36,11454,0.00121259664963802,0.973624911270511
37,10461,0.00110747106267359,0.974732382333185
38,9947,0.00105305560275444,0.975785437935939
39,9382,0.00099324094350479,0.976778678879444
40,8836,0.000935437750672386,0.977714116630116
41,8241,0.000872447091816561,0.978586563721933
42,8021,0.000849156428037936,0.979435720149971
43,7451,0.000788812435520591,0.980224532585491
44,7054,0.000746783374065528,0.980971315959557
45,6636,0.000702531112886142,0.981673847072443
46,6328,0.000669924183596068,0.982343771256039
47,6066,0.000642187120368797,0.982985958376408
48,5663,0.000599522858992499,0.9835854812354
49,5259,0.000556752730962661,0.984142233966363
50,5263,0.000557176197576818,0.98469941016394
51,4887,0.000517370335846078,0.985216780499786
52,4736,0.000501384471161659,0.985718164970947
53,4468,0.000473012208013153,0.986191177178961
54,4248,0.000449721544234528,0.986640898723195
55,4034,0.000427066080377139,0.987067964803572
56,4023,0.000425901547188208,0.98749386635076
57,3751,0.000397105817425545,0.987890972168186
58,3706,0.000392341818016281,0.988283313986202
59,3395,0.000359417288765589,0.988642731274968
60,3209,0.000339726091207298,0.988982457366175
61,3059,0.000323846093176418,0.989306303459352
62,3011,0.000318764493806536,0.989625067953158
63,2889,0.000305848762074753,0.989930916715233
64,2858,0.000302566895815038,0.990233483611048
65,2586,0.000273771166052375,0.9905072547771
66,2677,0.000283405031524443,0.990790659808625
67,2475,0.000262019967509524,0.991052679776134
68,2411,0.000255244501683015,0.991307924277817
69,2275,0.000240846636801684,0.991548770914619
70,2311,0.000244657836329095,0.991793428750948
71,2063,0.000218402906251373,0.992011831657199
72,2039,0.000215862106566432,0.992227693763766
73,2032,0.000215121039991658,0.992442814803758
74,1880,0.000199029308653699,0.992641844112411
75,1903,0.000201464241685101,0.992843308354096
76,1750,0.000185266643693603,0.99302857499779
77,1677,0.000177538377985241,0.993206113375775
78,1653,0.0001749975783003,0.993381110954076
79,1559,0.000165046112867615,0.993546157066943
80,1567,0.000165893046095929,0.993712050113039
81,1513,0.000160176246804812,0.993872226359844
82,1480,0.000156682647238018,0.994028909007082
83,1316,0.000139320516057589,0.99416822952314
84,1379,0.000145990115230559,0.99431421963837
85,1279,0.000135403449876639,0.994449623088247
86,1269,0.000134344783341247,0.994583967871588
87,1227,0.0001298983838926,0.99471386625548
88,1215,0.00012862798405013,0.994842494239531
89,1164,0.000123228784719631,0.99496572302425
90,1103,0.000116770918853739,0.995082493943104
91,1040,0.00011010131968077,0.995192595262785
92,1031,0.000109148519798917,0.995301743782584
93,994,0.000105231453617966,0.995406975236202
94,991,0.000104913853657349,0.995511889089859
95,941,9.96205209803887E-05,0.995611509610839
96,939,9.94087876733103E-05,0.995710918398513
97,850,8.99866555083214E-05,0.995800905054021
98,839,8.88221223193902E-05,0.995889727176341
99,788,8.34229229888909E-05,0.995973150099329
100,880,9.31626551144974E-05,0.996066312754444
101,774,8.1940789839342E-05,0.996148253544283
102,669,7.08247912177259E-05,0.996219078335501
103,685,7.25186576743531E-05,0.996291596993175
104,697,7.37890575168235E-05,0.996365386050692
105,702,7.43183907845195E-05,0.996439704441477
106,688,7.28362576349707E-05,0.996512540699112
107,644,6.81781248792458E-05,0.996580718823991
108,591,6.25671922416682E-05,0.996643286016232
109,619,6.55314585407658E-05,0.996708817474773
110,642,6.79663915721674E-05,0.996776783866345
111,645,6.8283991532785E-05,0.996845067857878
112,604,6.39434587376778E-05,0.996909011316616
113,563,5.96029259425705E-05,0.996968614242558
114,577,6.10850590921193E-05,0.997029699301651
115,529,5.60034597222377E-05,0.997085702761373
116,527,5.57917264151592E-05,0.997141494487788
117,462,4.89103939351111E-05,0.997190404881723
118,479,5.07101270452776E-05,0.997241115008768
119,487,5.15570602735912E-05,0.997292672069042
120,464,4.91221272421896E-05,0.997341794196284
121,443,4.68989275178663E-05,0.997388693123802
122,418,4.42522611793863E-05,0.997432945384981
123,417,4.41463945258471E-05,0.997477091779507
124,402,4.25583947227591E-05,0.99751965017423
125,385,4.07586616125926E-05,0.997560408835843
126,419,4.43581278329255E-05,0.997604766963676
127,372,3.9382395116583E-05,0.997644149358792
128,412,4.36170612581511E-05,0.99768776642005
129,352,3.7265062045799E-05,0.997725031482096
130,369,3.90647951559654E-05,0.997764096277252
131,314,3.32421292113093E-05,0.997797338406463
132,361,3.82178619276518E-05,0.997835556268391
133,307,3.25010626365349E-05,0.997868057331027
134,291,3.08071961799077E-05,0.997898864527207
135,327,3.46183957073189E-05,0.997933482922915
136,325,3.44066624002405E-05,0.997967889585315
137,295,3.12306627940645E-05,0.997999120248109
138,304,3.21834626759173E-05,0.998031303710785
139,257,2.72077299595748E-05,0.998058511440745
140,269,2.84781298020452E-05,0.998086989570547
141,302,3.19717293688389E-05,0.998118961299915
142,241,2.55138635029476E-05,0.998144475163418
143,247,2.61490634241828E-05,0.998170624226843
144,285,3.01719962586725E-05,0.998200796223101
145,271,2.86898631091236E-05,0.99822948608621
146,240,2.54079968494084E-05,0.99825489408306
147,210,2.22319972432323E-05,0.998277126080303
148,270,2.85839964555844E-05,0.998305710076759
149,214,2.26554638573891E-05,0.998328365540616
150,202,2.13850640149187E-05,0.998349750604631
151,227,2.40317303533988E-05,0.998373782334984
152,247,2.61490634241828E-05,0.998399931398409
153,194,2.05381307866051E-05,0.998420469529195
154,237,2.50903968887908E-05,0.998445559926084
155,236,2.49845302352516E-05,0.998470544456319
156,176,1.86325310228995E-05,0.998489176987342
157,225,2.38199970463204E-05,0.998512996984388
158,192,2.03263974795267E-05,0.998533323381868
159,197,2.08557307472227E-05,0.998554179112615
160,184,1.94794642512131E-05,0.998573658576866
161,161,1.70445312198115E-05,0.998590703108086
162,178,1.88442643299779E-05,0.998609547372416
163,179,1.89501309835171E-05,0.9986284975034
164,142,1.50330648025666E-05,0.998643530568202
165,191,2.02205308259875E-05,0.998663751099028
166,159,1.68327979127331E-05,0.998680583896941
167,162,1.71503978733507E-05,0.998697734294814
168,140,1.48213314954882E-05,0.99871255562631
169,158,1.67269312591939E-05,0.998729282557569
170,165,1.74679978339683E-05,0.998746750555403
171,161,1.70445312198115E-05,0.998763795086623
172,176,1.86325310228995E-05,0.998782427617646
173,145,1.53506647631842E-05,0.998797778282409
174,146,1.54565314167234E-05,0.998813234813825
175,135,1.42919982277922E-05,0.998827526812053
176,126,1.33391983459394E-05,0.998840866010399
177,139,1.4715464841949E-05,0.998855581475241
178,132,1.39743982671746E-05,0.998869555873509
179,111,1.17511985428514E-05,0.998881307072051
180,134,1.4186131574253E-05,0.998895493203625
181,100,1.05866653539202E-05,0.998906079868979
182,124,1.3127465038861E-05,0.998919207334018
183,119,1.2598131771165E-05,0.998931805465789
184,127,1.34450649994786E-05,0.998945250530789
185,103,1.09042653145378E-05,0.998956154796103
186,100,1.05866653539202E-05,0.998966741461457
187,107,1.13277319286946E-05,0.998978069193386
188,111,1.17511985428514E-05,0.998989820391929
189,108,1.14335985822338E-05,0.999001253990511
190,115,1.21746651570082E-05,0.999013428655668
191,87,9.21039885791054E-06,0.999022639054526
192,101,1.06925320074594E-05,0.999033331586534
193,98,1.03749320468418E-05,0.99904370651858
194,76,8.04586566897932E-06,0.999051752384249
195,98,1.03749320468418E-05,0.999062127316296
196,96,1.01631987397634E-05,0.999072290515036
197,83,8.78693224375374E-06,0.99908107744728
198,84,8.89279889729294E-06,0.999089970246177
199,81,8.57519893667533E-06,0.999098545445114
200,86,9.10453220437134E-06,0.999107649977318
201,76,8.04586566897932E-06,0.999115695842987
202,87,9.21039885791054E-06,0.999124906241845
203,78,8.25759897605773E-06,0.999133163840821
204,89,9.42213216498895E-06,0.999142585972986
205,90,9.52799881852815E-06,0.999152113971804
206,67,7.09306578712651E-06,0.999159207037592
207,70,7.41066574774411E-06,0.999166617703339
208,91,9.63386547206735E-06,0.999176251568811
209,92,9.73973212560655E-06,0.999185991300937
210,86,9.10453220437134E-06,0.999195095833141
211,68,7.19893244066571E-06,0.999202294765582
212,61,6.4578658658913E-06,0.999208752631448
213,82,8.68106559021453E-06,0.999217433697038
214,72,7.62239905482252E-06,0.999225056096093
215,73,7.72826570836172E-06,0.999232784361801
216,71,7.51653240128332E-06,0.999240300894203
217,53,5.61093263757769E-06,0.99924591182684
218,51,5.39919933049928E-06,0.999251311026171
219,62,6.5637325194305E-06,0.99925787475869
220,66,6.98719913358731E-06,0.999264861957824
221,63,6.6695991729697E-06,0.999271531556997
222,71,7.51653240128332E-06,0.999279048089398
223,55,5.82266594465609E-06,0.999284870755343
224,73,7.72826570836172E-06,0.999292599021051
225,58,6.1402659052737E-06,0.999298739286956
226,44,4.65813275572487E-06,0.999303397419712
227,57,6.03439925173449E-06,0.999309431818964
228,53,5.61093263757769E-06,0.999315042751601
229,54,5.71679929111689E-06,0.999320759550892
230,50,5.29333267696008E-06,0.999326052883569
231,67,7.09306578712651E-06,0.999333145949356
232,59,6.2461325588129E-06,0.999339392081915
233,49,5.18746602342088E-06,0.999344579547939
234,46,4.86986606280328E-06,0.999349449414002
235,58,6.1402659052737E-06,0.999355589679907
236,61,6.4578658658913E-06,0.999362047545773
237,42,4.44639944864647E-06,0.999366493945221
238,46,4.86986606280328E-06,0.999371363811284
239,42,4.44639944864647E-06,0.999375810210733
240,45,4.76399940926407E-06,0.999380574210142
241,40,4.23466614156807E-06,0.999384808876284
242,31,3.28186625971525E-06,0.999388090742543
243,50,5.29333267696008E-06,0.99939338407522
244,50,5.29333267696008E-06,0.999398677407897
245,48,5.08159936988168E-06,0.999403759007267
246,29,3.07013295263685E-06,0.99940682914022
247,36,3.81119952741126E-06,0.999410640339747
248,36,3.81119952741126E-06,0.999414451539275
249,39,4.12879948802886E-06,0.999418580338763
250,43,4.55226610218567E-06,0.999423132604865
251,37,3.91706618095046E-06,0.999427049671046
252,27,2.85839964555844E-06,0.999429908070691
253,31,3.28186625971525E-06,0.999433189936951
254,31,3.28186625971525E-06,0.999436471803211
255,33,3.49359956679365E-06,0.999439965402778
256,48,5.08159936988168E-06,0.999445047002148
257,42,4.44639944864647E-06,0.999449493401596
258,45,4.76399940926407E-06,0.999454257401005
259,31,3.28186625971525E-06,0.999457539267265
260,42,4.44639944864647E-06,0.999461985666714
261,33,3.49359956679365E-06,0.999465479266281
262,35,3.70533287387206E-06,0.999469184599155
263,40,4.23466614156807E-06,0.999473419265296
264,47,4.97573271634248E-06,0.999478394998012
265,28,2.96426629909765E-06,0.999481359264311
266,34,3.59946622033286E-06,0.999484958730532
267,33,3.49359956679365E-06,0.999488452330099
268,35,3.70533287387206E-06,0.999492157662973
269,34,3.59946622033286E-06,0.999495757129193
270,33,3.49359956679365E-06,0.99949925072876
271,22,2.32906637786244E-06,0.999501579795137
272,37,3.91706618095046E-06,0.999505496861318
273,29,3.07013295263685E-06,0.999508566994271
274,25,2.64666633848004E-06,0.999511213660609
275,20,2.11733307078403E-06,0.99951333099368
276,25,2.64666633848004E-06,0.999515977660019
277,31,3.28186625971525E-06,0.999519259526278
278,26,2.75253299201924E-06,0.99952201205927
279,25,2.64666633848004E-06,0.999524658725609
280,21,2.22319972432323E-06,0.999526881925333
281,29,3.07013295263685E-06,0.999529952058286
282,34,3.59946622033286E-06,0.999533551524506
283,23,2.43493303140164E-06,0.999535986457538
284,29,3.07013295263685E-06,0.99953905659049
285,32,3.38773291325445E-06,0.999542444323403
286,31,3.28186625971525E-06,0.999545726189663
287,27,2.85839964555844E-06,0.999548584589309
288,27,2.85839964555844E-06,0.999551442988954
289,26,2.75253299201924E-06,0.999554195521946
290,40,4.23466614156807E-06,0.999558430188088
291,18,1.90559976370563E-06,0.999560335787852
292,18,1.90559976370563E-06,0.999562241387615
293,23,2.43493303140164E-06,0.999564676320647
294,22,2.32906637786244E-06,0.999567005387025
295,31,3.28186625971525E-06,0.999570287253284
296,23,2.43493303140164E-06,0.999572722186316
297,25,2.64666633848004E-06,0.999575368852654
298,19,2.01146641724483E-06,0.999577380319071
299,24,2.54079968494084E-06,0.999579921118757
300,19,2.01146641724483E-06,0.999581932585174
301,18,1.90559976370563E-06,0.999583838184937
302,17,1.79973311016643E-06,0.999585637918048
303,16,1.69386645662723E-06,0.999587331784504
304,32,3.38773291325445E-06,0.999590719517417
305,28,2.96426629909765E-06,0.999593683783716
306,26,2.75253299201924E-06,0.999596436316709
307,38,4.02293283448966E-06,0.999600459249543
308,32,3.38773291325445E-06,0.999603846982456
309,22,2.32906637786244E-06,0.999606176048834
310,20,2.11733307078403E-06,0.999608293381905
311,19,2.01146641724483E-06,0.999610304848322
312,28,2.96426629909765E-06,0.999613269114621
313,22,2.32906637786244E-06,0.999615598180999
314,23,2.43493303140164E-06,0.999618033114031
315,21,2.22319972432323E-06,0.999620256313755
316,18,1.90559976370563E-06,0.999622161913519
317,24,2.54079968494084E-06,0.999624702713204
318,22,2.32906637786244E-06,0.999627031779581
319,33,3.49359956679365E-06,0.999630525379148
320,26,2.75253299201924E-06,0.99963327791214
321,26,2.75253299201924E-06,0.999636030445132
322,31,3.28186625971525E-06,0.999639312311392
323,19,2.01146641724483E-06,0.999641323777809
324,21,2.22319972432323E-06,0.999643546977534
325,19,2.01146641724483E-06,0.999645558443951
326,28,2.96426629909765E-06,0.99964852271025
327,25,2.64666633848004E-06,0.999651169376588
328,42,4.44639944864647E-06,0.999655615776037
329,29,3.07013295263685E-06,0.99965868590899
330,27,2.85839964555844E-06,0.999661544308635
331,23,2.43493303140164E-06,0.999663979241667
332,28,2.96426629909765E-06,0.999666943507966
333,28,2.96426629909765E-06,0.999669907774265
334,20,2.11733307078403E-06,0.999672025107336
335,23,2.43493303140164E-06,0.999674460040367
336,24,2.54079968494084E-06,0.999677000840052
337,18,1.90559976370563E-06,0.999678906439816
338,18,1.90559976370563E-06,0.999680812039579
339,24,2.54079968494084E-06,0.999683352839264
340,20,2.11733307078403E-06,0.999685470172335
341,18,1.90559976370563E-06,0.999687375772099
342,14,1.48213314954882E-06,0.999688857905248
343,19,2.01146641724483E-06,0.999690869371666
344,11,1.16453318893122E-06,0.999692033904855
345,12,1.27039984247042E-06,0.999693304304697
346,19,2.01146641724483E-06,0.999695315771114
347,14,1.48213314954882E-06,0.999696797904264
348,21,2.22319972432323E-06,0.999699021103988
349,13,1.37626649600962E-06,0.999700397370484
350,12,1.27039984247042E-06,0.999701667770326
351,17,1.79973311016643E-06,0.999703467503437
352,22,2.32906637786244E-06,0.999705796569815
353,10,1.05866653539202E-06,0.99970685523635
354,11,1.16453318893122E-06,0.999708019769539
355,13,1.37626649600962E-06,0.999709396036035
356,21,2.22319972432323E-06,0.999711619235759
357,15,1.58799980308802E-06,0.999713207235562
358,18,1.90559976370563E-06,0.999715112835326
359,14,1.48213314954882E-06,0.999716594968476
360,15,1.58799980308802E-06,0.999718182968279
361,12,1.27039984247042E-06,0.999719453368121
362,14,1.48213314954882E-06,0.999720935501271
363,23,2.43493303140164E-06,0.999723370434302
364,25,2.64666633848004E-06,0.99972601710064
365,27,2.85839964555844E-06,0.999728875500286
366,14,1.48213314954882E-06,0.999730357633436
367,15,1.58799980308802E-06,0.999731945633239
368,18,1.90559976370563E-06,0.999733851233002
369,13,1.37626649600962E-06,0.999735227499498
370,15,1.58799980308802E-06,0.999736815499301
371,13,1.37626649600962E-06,0.999738191765798
372,7,7.41066574774411E-07,0.999738932832372
373,15,1.58799980308802E-06,0.999740520832175
374,9,9.52799881852815E-07,0.999741473632057
375,13,1.37626649600962E-06,0.999742849898553
376,9,9.52799881852815E-07,0.999743802698435
377,8,8.46933228313613E-07,0.999744649631663
378,9,9.52799881852815E-07,0.999745602431545
379,5,5.29333267696008E-07,0.999746131764813
380,15,1.58799980308802E-06,0.999747719764616
381,11,1.16453318893122E-06,0.999748884297805
382,10,1.05866653539202E-06,0.99974994296434
383,10,1.05866653539202E-06,0.999751001630876
384,7,7.41066574774411E-07,0.999751742697451
385,14,1.48213314954882E-06,0.9997532248306
386,13,1.37626649600962E-06,0.999754601097096
387,11,1.16453318893122E-06,0.999755765630285
388,14,1.48213314954882E-06,0.999757247763434
389,9,9.52799881852815E-07,0.999758200563316
390,13,1.37626649600962E-06,0.999759576829812
391,5,5.29333267696008E-07,0.99976010616308
392,9,9.52799881852815E-07,0.999761058962962
393,11,1.16453318893122E-06,0.999762223496151
394,9,9.52799881852815E-07,0.999763176296033
395,9,9.52799881852815E-07,0.999764129095915
396,4,4.23466614156807E-07,0.999764552562529
397,9,9.52799881852815E-07,0.999765505362411
398,12,1.27039984247042E-06,0.999766775762253
399,8,8.46933228313613E-07,0.999767622695481
400,8,8.46933228313613E-07,0.99976846962871
401,10,1.05866653539202E-06,0.999769528295245
402,10,1.05866653539202E-06,0.999770586961781
403,6,6.3519992123521E-07,0.999771222161702
404,8,8.46933228313613E-07,0.99977206909493
405,6,6.3519992123521E-07,0.999772704294851
406,11,1.16453318893122E-06,0.99977386882804
407,5,5.29333267696008E-07,0.999774398161308
408,11,1.16453318893122E-06,0.999775562694497
409,11,1.16453318893122E-06,0.999776727227686
410,9,9.52799881852815E-07,0.999777680027568
411,6,6.3519992123521E-07,0.999778315227489
412,6,6.3519992123521E-07,0.99977895042741
413,7,7.41066574774411E-07,0.999779691493985
414,6,6.3519992123521E-07,0.999780326693906
415,8,8.46933228313613E-07,0.999781173627135
416,8,8.46933228313613E-07,0.999782020560363
417,7,7.41066574774411E-07,0.999782761626938
418,9,9.52799881852815E-07,0.999783714426819
419,8,8.46933228313613E-07,0.999784561360048
420,5,5.29333267696008E-07,0.999785090693315
421,6,6.3519992123521E-07,0.999785725893237
422,6,6.3519992123521E-07,0.999786361093158
423,4,4.23466614156807E-07,0.999786784559772
424,5,5.29333267696008E-07,0.99978731389304
425,9,9.52799881852815E-07,0.999788266692922
426,5,5.29333267696008E-07,0.999788796026189
427,7,7.41066574774411E-07,0.999789537092764
428,5,5.29333267696008E-07,0.999790066426032
429,6,6.3519992123521E-07,0.999790701625953
430,5,5.29333267696008E-07,0.999791230959221
431,10,1.05866653539202E-06,0.999792289625756
432,5,5.29333267696008E-07,0.999792818959024
433,5,5.29333267696008E-07,0.999793348292291
434,6,6.3519992123521E-07,0.999793983492213
435,5,5.29333267696008E-07,0.99979451282548
436,8,8.46933228313613E-07,0.999795359758709
437,6,6.3519992123521E-07,0.99979599495863
438,7,7.41066574774411E-07,0.999796736025205
439,8,8.46933228313613E-07,0.999797582958433
440,8,8.46933228313613E-07,0.999798429891661
441,6,6.3519992123521E-07,0.999799065091583
442,10,1.05866653539202E-06,0.999800123758118
443,4,4.23466614156807E-07,0.999800547224732
444,7,7.41066574774411E-07,0.999801288291307
445,7,7.41066574774411E-07,0.999802029357882
446,9,9.52799881852815E-07,0.999802982157764
447,4,4.23466614156807E-07,0.999803405624378
448,9,9.52799881852815E-07,0.99980435842426
449,4,4.23466614156807E-07,0.999804781890874
450,5,5.29333267696008E-07,0.999805311224141
451,7,7.41066574774411E-07,0.999806052290716
452,5,5.29333267696008E-07,0.999806581623984
453,12,1.27039984247042E-06,0.999807852023826
454,7,7.41066574774411E-07,0.999808593090401
455,5,5.29333267696008E-07,0.999809122423669
456,5,5.29333267696008E-07,0.999809651756936
457,8,8.46933228313613E-07,0.999810498690165
458,7,7.41066574774411E-07,0.99981123975674
459,10,1.05866653539202E-06,0.999812298423275
460,5,5.29333267696008E-07,0.999812827756543
461,3,3.17599960617605E-07,0.999813145356503
462,4,4.23466614156807E-07,0.999813568823118
463,3,3.17599960617605E-07,0.999813886423078
464,3,3.17599960617605E-07,0.999814204023039
465,5,5.29333267696008E-07,0.999814733356306
466,6,6.3519992123521E-07,0.999815368556228
467,3,3.17599960617605E-07,0.999815686156188
468,2,2.11733307078403E-07,0.999815897889495
469,4,4.23466614156807E-07,0.999816321356109
470,7,7.41066574774411E-07,0.999817062422684
471,5,5.29333267696008E-07,0.999817591755952
472,5,5.29333267696008E-07,0.99981812108922
473,2,2.11733307078403E-07,0.999818332822527
474,4,4.23466614156807E-07,0.999818756289141
475,6,6.3519992123521E-07,0.999819391489062
476,6,6.3519992123521E-07,0.999820026688983
477,4,4.23466614156807E-07,0.999820450155598
478,6,6.3519992123521E-07,0.999821085355519
479,11,1.16453318893122E-06,0.999822249888708
480,7,7.41066574774411E-07,0.999822990955282
481,1,1.05866653539202E-07,0.999823096821936
482,5,5.29333267696008E-07,0.999823626155204
483,5,5.29333267696008E-07,0.999824155488471
484,5,5.29333267696008E-07,0.999824684821739
485,5,5.29333267696008E-07,0.999825214155007
486,4,4.23466614156807E-07,0.999825637621621
487,8,8.46933228313613E-07,0.999826484554849
488,5,5.29333267696008E-07,0.999827013888117
489,1,1.05866653539202E-07,0.99982711975477
490,3,3.17599960617605E-07,0.999827437354731
491,5,5.29333267696008E-07,0.999827966687999
492,7,7.41066574774411E-07,0.999828707754573
493,7,7.41066574774411E-07,0.999829448821148
494,1,1.05866653539202E-07,0.999829554687802
495,2,2.11733307078403E-07,0.999829766421109
496,4,4.23466614156807E-07,0.999830189887723
497,5,5.29333267696008E-07,0.999830719220991
498,5,5.29333267696008E-07,0.999831248554258
499,6,6.3519992123521E-07,0.99983188375418
500,2,2.11733307078403E-07,0.999832095487487
501,5,5.29333267696008E-07,0.999832624820754
502,2,2.11733307078403E-07,0.999832836554062
503,2,2.11733307078403E-07,0.999833048287369
504,8,8.46933228313613E-07,0.999833895220597
505,5,5.29333267696008E-07,0.999834424553865
506,1,1.05866653539202E-07,0.999834530420518
507,5,5.29333267696008E-07,0.999835059753786
508,4,4.23466614156807E-07,0.9998354832204
509,1,1.05866653539202E-07,0.999835589087054
510,6,6.3519992123521E-07,0.999836224286975
511,7,7.41066574774411E-07,0.99983696535355
512,2,2.11733307078403E-07,0.999837177086857
513,9,9.52799881852815E-07,0.999838129886739
514,6,6.3519992123521E-07,0.99983876508666
515,2,2.11733307078403E-07,0.999838976819967
516,4,4.23466614156807E-07,0.999839400286581
517,6,6.3519992123521E-07,0.999840035486502
518,4,4.23466614156807E-07,0.999840458953116
519,5,5.29333267696008E-07,0.999840988286384
520,3,3.17599960617605E-07,0.999841305886345
521,1,1.05866653539202E-07,0.999841411752998
522,8,8.46933228313613E-07,0.999842258686227
523,9,9.52799881852815E-07,0.999843211486108
524,6,6.3519992123521E-07,0.99984384668603
525,7,7.41066574774411E-07,0.999844587752604
526,4,4.23466614156807E-07,0.999845011219219
527,8,8.46933228313613E-07,0.999845858152447
528,6,6.3519992123521E-07,0.999846493352368
529,1,1.05866653539202E-07,0.999846599219022
530,5,5.29333267696008E-07,0.999847128552289
531,5,5.29333267696008E-07,0.999847657885557
532,3,3.17599960617605E-07,0.999847975485518
533,3,3.17599960617605E-07,0.999848293085478
534,11,1.16453318893122E-06,0.999849457618667
535,3,3.17599960617605E-07,0.999849775218628
536,4,4.23466614156807E-07,0.999850198685242
537,5,5.29333267696008E-07,0.99985072801851
538,3,3.17599960617605E-07,0.99985104561847
539,3,3.17599960617605E-07,0.999851363218431
541,5,5.29333267696008E-07,0.999851892551699
542,2,2.11733307078403E-07,0.999852104285006
543,3,3.17599960617605E-07,0.999852421884966
544,1,1.05866653539202E-07,0.99985252775162
545,6,6.3519992123521E-07,0.999853162951541
546,6,6.3519992123521E-07,0.999853798151462
547,4,4.23466614156807E-07,0.999854221618076
548,5,5.29333267696008E-07,0.999854750951344
549,6,6.3519992123521E-07,0.999855386151265
550,1,1.05866653539202E-07,0.999855492017919
551,2,2.11733307078403E-07,0.999855703751226
552,5,5.29333267696008E-07,0.999856233084494
553,3,3.17599960617605E-07,0.999856550684454
554,5,5.29333267696008E-07,0.999857080017722
555,6,6.3519992123521E-07,0.999857715217643
556,2,2.11733307078403E-07,0.99985792695095
557,4,4.23466614156807E-07,0.999858350417565
558,7,7.41066574774411E-07,0.999859091484139
559,6,6.3519992123521E-07,0.999859726684061
560,5,5.29333267696008E-07,0.999860256017328
561,6,6.3519992123521E-07,0.99986089121725
562,10,1.05866653539202E-06,0.999861949883785
563,7,7.41066574774411E-07,0.99986269095036
564,2,2.11733307078403E-07,0.999862902683667
565,5,5.29333267696008E-07,0.999863432016934
566,2,2.11733307078403E-07,0.999863643750241
567,4,4.23466614156807E-07,0.999864067216856
568,1,1.05866653539202E-07,0.999864173083509
569,5,5.29333267696008E-07,0.999864702416777
570,2,2.11733307078403E-07,0.999864914150084
571,1,1.05866653539202E-07,0.999865020016737
572,3,3.17599960617605E-07,0.999865337616698
573,3,3.17599960617605E-07,0.999865655216659
574,3,3.17599960617605E-07,0.999865972816619
575,1,1.05866653539202E-07,0.999866078683273
576,3,3.17599960617605E-07,0.999866396283233
577,1,1.05866653539202E-07,0.999866502149887
578,6,6.3519992123521E-07,0.999867137349808
579,5,5.29333267696008E-07,0.999867666683076
580,5,5.29333267696008E-07,0.999868196016344
581,3,3.17599960617605E-07,0.999868513616304
583,7,7.41066574774411E-07,0.999869254682879
584,4,4.23466614156807E-07,0.999869678149493
585,3,3.17599960617605E-07,0.999869995749454
586,2,2.11733307078403E-07,0.999870207482761
587,4,4.23466614156807E-07,0.999870630949375
588,4,4.23466614156807E-07,0.999871054415989
589,6,6.3519992123521E-07,0.99987168961591
590,2,2.11733307078403E-07,0.999871901349218
591,3,3.17599960617605E-07,0.999872218949178
592,2,2.11733307078403E-07,0.999872430682485
593,2,2.11733307078403E-07,0.999872642415792
594,3,3.17599960617605E-07,0.999872960015753
595,4,4.23466614156807E-07,0.999873383482367
596,3,3.17599960617605E-07,0.999873701082328
597,1,1.05866653539202E-07,0.999873806948981
599,4,4.23466614156807E-07,0.999874230415595
600,1,1.05866653539202E-07,0.999874336282249
601,2,2.11733307078403E-07,0.999874548015556
602,4,4.23466614156807E-07,0.99987497148217
603,4,4.23466614156807E-07,0.999875394948784
604,6,6.3519992123521E-07,0.999876030148706
605,4,4.23466614156807E-07,0.99987645361532
607,4,4.23466614156807E-07,0.999876877081934
608,4,4.23466614156807E-07,0.999877300548548
609,1,1.05866653539202E-07,0.999877406415202
610,2,2.11733307078403E-07,0.999877618148509
611,4,4.23466614156807E-07,0.999878041615123
612,4,4.23466614156807E-07,0.999878465081737
613,2,2.11733307078403E-07,0.999878676815044
614,7,7.41066574774411E-07,0.999879417881619
615,4,4.23466614156807E-07,0.999879841348233
616,1,1.05866653539202E-07,0.999879947214886
618,1,1.05866653539202E-07,0.99988005308154
619,2,2.11733307078403E-07,0.999880264814847
620,1,1.05866653539202E-07,0.999880370681501
621,1,1.05866653539202E-07,0.999880476548154
622,5,5.29333267696008E-07,0.999881005881422
623,7,7.41066574774411E-07,0.999881746947997
624,6,6.3519992123521E-07,0.999882382147918
625,1,1.05866653539202E-07,0.999882488014571
626,4,4.23466614156807E-07,0.999882911481186
628,5,5.29333267696008E-07,0.999883440814453
629,2,2.11733307078403E-07,0.99988365254776
630,3,3.17599960617605E-07,0.999883970147721
631,2,2.11733307078403E-07,0.999884181881028
632,7,7.41066574774411E-07,0.999884922947603
633,2,2.11733307078403E-07,0.99988513468091
634,5,5.29333267696008E-07,0.999885664014178
635,3,3.17599960617605E-07,0.999885981614138
636,3,3.17599960617605E-07,0.999886299214099
637,4,4.23466614156807E-07,0.999886722680713
638,5,5.29333267696008E-07,0.999887252013981
639,5,5.29333267696008E-07,0.999887781347248
640,3,3.17599960617605E-07,0.999888098947209
641,1,1.05866653539202E-07,0.999888204813863
642,2,2.11733307078403E-07,0.99988841654717
643,5,5.29333267696008E-07,0.999888945880437
644,4,4.23466614156807E-07,0.999889369347052
645,1,1.05866653539202E-07,0.999889475213705
646,2,2.11733307078403E-07,0.999889686947012
647,2,2.11733307078403E-07,0.999889898680319
648,1,1.05866653539202E-07,0.999890004546973
649,2,2.11733307078403E-07,0.99989021628028
650,1,1.05866653539202E-07,0.999890322146933
651,2,2.11733307078403E-07,0.999890533880241
652,2,2.11733307078403E-07,0.999890745613548
654,4,4.23466614156807E-07,0.999891169080162
655,2,2.11733307078403E-07,0.999891380813469
656,3,3.17599960617605E-07,0.999891698413429
657,1,1.05866653539202E-07,0.999891804280083
658,2,2.11733307078403E-07,0.99989201601339
659,4,4.23466614156807E-07,0.999892439480004
660,1,1.05866653539202E-07,0.999892545346658
661,4,4.23466614156807E-07,0.999892968813272
662,2,2.11733307078403E-07,0.999893180546579
663,2,2.11733307078403E-07,0.999893392279886
664,3,3.17599960617605E-07,0.999893709879847
665,3,3.17599960617605E-07,0.999894027479807
666,4,4.23466614156807E-07,0.999894450946421
667,3,3.17599960617605E-07,0.999894768546382
668,6,6.3519992123521E-07,0.999895403746303
669,3,3.17599960617605E-07,0.999895721346264
670,2,2.11733307078403E-07,0.999895933079571
671,2,2.11733307078403E-07,0.999896144812878
672,2,2.11733307078403E-07,0.999896356546185
673,3,3.17599960617605E-07,0.999896674146146
674,2,2.11733307078403E-07,0.999896885879453
675,2,2.11733307078403E-07,0.99989709761276
676,6,6.3519992123521E-07,0.999897732812681
677,3,3.17599960617605E-07,0.999898050412642
678,1,1.05866653539202E-07,0.999898156279295
679,3,3.17599960617605E-07,0.999898473879256
680,3,3.17599960617605E-07,0.999898791479217
681,4,4.23466614156807E-07,0.999899214945831
682,3,3.17599960617605E-07,0.999899532545791
683,3,3.17599960617605E-07,0.999899850145752
684,4,4.23466614156807E-07,0.999900273612366
685,3,3.17599960617605E-07,0.999900591212327
686,2,2.11733307078403E-07,0.999900802945634
687,7,7.41066574774411E-07,0.999901544012208
688,2,2.11733307078403E-07,0.999901755745516
689,3,3.17599960617605E-07,0.999902073345476
690,4,4.23466614156807E-07,0.99990249681209
692,2,2.11733307078403E-07,0.999902708545397
693,1,1.05866653539202E-07,0.999902814412051
694,2,2.11733307078403E-07,0.999903026145358
695,5,5.29333267696008E-07,0.999903555478626
696,1,1.05866653539202E-07,0.999903661345279
698,6,6.3519992123521E-07,0.9999042965452
699,2,2.11733307078403E-07,0.999904508278508
700,3,3.17599960617605E-07,0.999904825878468
701,1,1.05866653539202E-07,0.999904931745122
702,3,3.17599960617605E-07,0.999905249345082
703,2,2.11733307078403E-07,0.999905461078389
704,1,1.05866653539202E-07,0.999905566945043
705,2,2.11733307078403E-07,0.99990577867835
706,2,2.11733307078403E-07,0.999905990411657
707,2,2.11733307078403E-07,0.999906202144964
708,1,1.05866653539202E-07,0.999906308011618
709,1,1.05866653539202E-07,0.999906413878271
710,1,1.05866653539202E-07,0.999906519744925
711,1,1.05866653539202E-07,0.999906625611578
712,3,3.17599960617605E-07,0.999906943211539
713,1,1.05866653539202E-07,0.999907049078193
714,2,2.11733307078403E-07,0.9999072608115
715,3,3.17599960617605E-07,0.99990757841146
716,1,1.05866653539202E-07,0.999907684278114
717,3,3.17599960617605E-07,0.999908001878074
718,3,3.17599960617605E-07,0.999908319478035
719,4,4.23466614156807E-07,0.999908742944649
720,1,1.05866653539202E-07,0.999908848811303
721,4,4.23466614156807E-07,0.999909272277917
722,2,2.11733307078403E-07,0.999909484011224
723,2,2.11733307078403E-07,0.999909695744531
724,4,4.23466614156807E-07,0.999910119211145
725,1,1.05866653539202E-07,0.999910225077799
726,1,1.05866653539202E-07,0.999910330944452
727,3,3.17599960617605E-07,0.999910648544413
728,4,4.23466614156807E-07,0.999911072011027
730,3,3.17599960617605E-07,0.999911389610988
731,1,1.05866653539202E-07,0.999911495477641
732,2,2.11733307078403E-07,0.999911707210948
733,1,1.05866653539202E-07,0.999911813077602
734,3,3.17599960617605E-07,0.999912130677562
736,4,4.23466614156807E-07,0.999912554144177
737,2,2.11733307078403E-07,0.999912765877484
739,3,3.17599960617605E-07,0.999913083477444
741,4,4.23466614156807E-07,0.999913506944058
743,1,1.05866653539202E-07,0.999913612810712
744,1,1.05866653539202E-07,0.999913718677366
746,2,2.11733307078403E-07,0.999913930410673
748,2,2.11733307078403E-07,0.99991414214398
750,2,2.11733307078403E-07,0.999914353877287
751,1,1.05866653539202E-07,0.99991445974394
752,1,1.05866653539202E-07,0.999914565610594
755,4,4.23466614156807E-07,0.999914989077208
756,4,4.23466614156807E-07,0.999915412543822
757,3,3.17599960617605E-07,0.999915730143783
758,1,1.05866653539202E-07,0.999915836010436
759,3,3.17599960617605E-07,0.999916153610397
760,2,2.11733307078403E-07,0.999916365343704
761,2,2.11733307078403E-07,0.999916577077011
762,1,1.05866653539202E-07,0.999916682943665
765,1,1.05866653539202E-07,0.999916788810318
767,2,2.11733307078403E-07,0.999917000543625
768,1,1.05866653539202E-07,0.999917106410279
769,5,5.29333267696008E-07,0.999917635743546
770,1,1.05866653539202E-07,0.9999177416102
771,1,1.05866653539202E-07,0.999917847476853
772,3,3.17599960617605E-07,0.999918165076814
774,3,3.17599960617605E-07,0.999918482676775
775,1,1.05866653539202E-07,0.999918588543428
776,1,1.05866653539202E-07,0.999918694410082
777,1,1.05866653539202E-07,0.999918800276735
778,3,3.17599960617605E-07,0.999919117876696
779,1,1.05866653539202E-07,0.99991922374335
780,2,2.11733307078403E-07,0.999919435476657
781,3,3.17599960617605E-07,0.999919753076617
782,2,2.11733307078403E-07,0.999919964809924
783,1,1.05866653539202E-07,0.999920070676578
784,2,2.11733307078403E-07,0.999920282409885
785,2,2.11733307078403E-07,0.999920494143192
786,1,1.05866653539202E-07,0.999920600009846
787,1,1.05866653539202E-07,0.999920705876499
788,2,2.11733307078403E-07,0.999920917609806
791,1,1.05866653539202E-07,0.99992102347646
792,3,3.17599960617605E-07,0.99992134107642
793,1,1.05866653539202E-07,0.999921446943074
795,2,2.11733307078403E-07,0.999921658676381
796,3,3.17599960617605E-07,0.999921976276342
797,2,2.11733307078403E-07,0.999922188009649
798,4,4.23466614156807E-07,0.999922611476263
799,2,2.11733307078403E-07,0.99992282320957
800,1,1.05866653539202E-07,0.999922929076223
801,1,1.05866653539202E-07,0.999923034942877
802,4,4.23466614156807E-07,0.999923458409491
803,3,3.17599960617605E-07,0.999923776009452
804,3,3.17599960617605E-07,0.999924093609412
805,2,2.11733307078403E-07,0.99992430534272
808,3,3.17599960617605E-07,0.99992462294268
809,2,2.11733307078403E-07,0.999924834675987
811,1,1.05866653539202E-07,0.999924940542641
812,1,1.05866653539202E-07,0.999925046409294
813,1,1.05866653539202E-07,0.999925152275948
814,2,2.11733307078403E-07,0.999925364009255
815,1,1.05866653539202E-07,0.999925469875908
816,4,4.23466614156807E-07,0.999925893342522
817,2,2.11733307078403E-07,0.99992610507583
818,1,1.05866653539202E-07,0.999926210942483
819,4,4.23466614156807E-07,0.999926634409097
820,2,2.11733307078403E-07,0.999926846142404
821,4,4.23466614156807E-07,0.999927269609019
822,2,2.11733307078403E-07,0.999927481342326
823,1,1.05866653539202E-07,0.999927587208979
824,3,3.17599960617605E-07,0.99992790480894
825,1,1.05866653539202E-07,0.999928010675593
826,2,2.11733307078403E-07,0.9999282224089
827,2,2.11733307078403E-07,0.999928434142207
830,3,3.17599960617605E-07,0.999928751742168
831,1,1.05866653539202E-07,0.999928857608822
833,2,2.11733307078403E-07,0.999929069342129
835,2,2.11733307078403E-07,0.999929281075436
839,3,3.17599960617605E-07,0.999929598675396
841,2,2.11733307078403E-07,0.999929810408704
842,2,2.11733307078403E-07,0.999930022142011
844,2,2.11733307078403E-07,0.999930233875318
845,2,2.11733307078403E-07,0.999930445608625
846,3,3.17599960617605E-07,0.999930763208585
847,2,2.11733307078403E-07,0.999930974941892
849,2,2.11733307078403E-07,0.9999311866752
850,2,2.11733307078403E-07,0.999931398408507
851,2,2.11733307078403E-07,0.999931610141814
852,1,1.05866653539202E-07,0.999931716008467
853,4,4.23466614156807E-07,0.999932139475081
854,1,1.05866653539202E-07,0.999932245341735
855,1,1.05866653539202E-07,0.999932351208388
857,2,2.11733307078403E-07,0.999932562941696
859,1,1.05866653539202E-07,0.999932668808349
860,2,2.11733307078403E-07,0.999932880541656
861,1,1.05866653539202E-07,0.99993298640831
862,1,1.05866653539202E-07,0.999933092274963
863,1,1.05866653539202E-07,0.999933198141617
864,3,3.17599960617605E-07,0.999933515741577
865,2,2.11733307078403E-07,0.999933727474884
868,5,5.29333267696008E-07,0.999934256808152
869,1,1.05866653539202E-07,0.999934362674806
870,2,2.11733307078403E-07,0.999934574408113
871,2,2.11733307078403E-07,0.99993478614142
872,3,3.17599960617605E-07,0.99993510374138
873,2,2.11733307078403E-07,0.999935315474687
874,2,2.11733307078403E-07,0.999935527207995
876,2,2.11733307078403E-07,0.999935738941302
879,1,1.05866653539202E-07,0.999935844807955
880,1,1.05866653539202E-07,0.999935950674609
881,4,4.23466614156807E-07,0.999936374141223
882,2,2.11733307078403E-07,0.99993658587453
885,1,1.05866653539202E-07,0.999936691741184
888,2,2.11733307078403E-07,0.999936903474491
890,1,1.05866653539202E-07,0.999937009341144
893,3,3.17599960617605E-07,0.999937326941105
894,3,3.17599960617605E-07,0.999937644541065
895,1,1.05866653539202E-07,0.999937750407719
897,2,2.11733307078403E-07,0.999937962141026
900,2,2.11733307078403E-07,0.999938173874333
901,2,2.11733307078403E-07,0.99993838560764
902,2,2.11733307078403E-07,0.999938597340947
903,1,1.05866653539202E-07,0.999938703207601
906,2,2.11733307078403E-07,0.999938914940908
907,3,3.17599960617605E-07,0.999939232540868
908,2,2.11733307078403E-07,0.999939444274176
909,2,2.11733307078403E-07,0.999939656007483
910,1,1.05866653539202E-07,0.999939761874136
912,3,3.17599960617605E-07,0.999940079474097
913,4,4.23466614156807E-07,0.999940502940711
914,1,1.05866653539202E-07,0.999940608807365
915,5,5.29333267696008E-07,0.999941138140632
917,2,2.11733307078403E-07,0.999941349873939
918,1,1.05866653539202E-07,0.999941455740593
919,2,2.11733307078403E-07,0.9999416674739
920,1,1.05866653539202E-07,0.999941773340554
921,2,2.11733307078403E-07,0.99994198507386
922,1,1.05866653539202E-07,0.999942090940514
923,1,1.05866653539202E-07,0.999942196807167
924,4,4.23466614156807E-07,0.999942620273782
927,1,1.05866653539202E-07,0.999942726140435
934,1,1.05866653539202E-07,0.999942832007089
935,1,1.05866653539202E-07,0.999942937873742
936,1,1.05866653539202E-07,0.999943043740396
938,1,1.05866653539202E-07,0.999943149607049
939,1,1.05866653539202E-07,0.999943255473703
940,3,3.17599960617605E-07,0.999943573073664
942,1,1.05866653539202E-07,0.999943678940317
945,2,2.11733307078403E-07,0.999943890673624
950,1,1.05866653539202E-07,0.999943996540278
951,1,1.05866653539202E-07,0.999944102406931
952,2,2.11733307078403E-07,0.999944314140238
953,2,2.11733307078403E-07,0.999944525873545
954,1,1.05866653539202E-07,0.999944631740199
955,1,1.05866653539202E-07,0.999944737606853
957,2,2.11733307078403E-07,0.99994494934016
958,2,2.11733307078403E-07,0.999945161073467
959,1,1.05866653539202E-07,0.99994526694012
960,1,1.05866653539202E-07,0.999945372806774
961,1,1.05866653539202E-07,0.999945478673427
962,1,1.05866653539202E-07,0.999945584540081
963,1,1.05866653539202E-07,0.999945690406734
964,1,1.05866653539202E-07,0.999945796273388
965,1,1.05866653539202E-07,0.999945902140041
966,2,2.11733307078403E-07,0.999946113873349
969,1,1.05866653539202E-07,0.999946219740002
970,1,1.05866653539202E-07,0.999946325606656
972,3,3.17599960617605E-07,0.999946643206616
973,2,2.11733307078403E-07,0.999946854939923
976,1,1.05866653539202E-07,0.999946960806577
977,2,2.11733307078403E-07,0.999947172539884
978,3,3.17599960617605E-07,0.999947490139845
979,1,1.05866653539202E-07,0.999947596006498
980,1,1.05866653539202E-07,0.999947701873152
981,1,1.05866653539202E-07,0.999947807739805
983,2,2.11733307078403E-07,0.999948019473112
984,1,1.05866653539202E-07,0.999948125339766
985,2,2.11733307078403E-07,0.999948337073073
986,1,1.05866653539202E-07,0.999948442939726
987,1,1.05866653539202E-07,0.99994854880638
988,1,1.05866653539202E-07,0.999948654673034
990,1,1.05866653539202E-07,0.999948760539687
993,1,1.05866653539202E-07,0.99994886640634
997,1,1.05866653539202E-07,0.999948972272994
998,1,1.05866653539202E-07,0.999949078139648
999,3,3.17599960617605E-07,0.999949395739608
1001,1,1.05866653539202E-07,0.999949501606262
1004,1,1.05866653539202E-07,0.999949607472915
1006,2,2.11733307078403E-07,0.999949819206222
1009,3,3.17599960617605E-07,0.999950136806183
1010,1,1.05866653539202E-07,0.999950242672837
1011,1,1.05866653539202E-07,0.99995034853949
1012,1,1.05866653539202E-07,0.999950454406144
1013,2,2.11733307078403E-07,0.999950666139451
1015,2,2.11733307078403E-07,0.999950877872758
1018,1,1.05866653539202E-07,0.999950983739411
1019,1,1.05866653539202E-07,0.999951089606065
1020,1,1.05866653539202E-07,0.999951195472718
1024,1,1.05866653539202E-07,0.999951301339372
1026,1,1.05866653539202E-07,0.999951407206025
1027,2,2.11733307078403E-07,0.999951618939333
1032,2,2.11733307078403E-07,0.99995183067264
1033,3,3.17599960617605E-07,0.9999521482726
1034,1,1.05866653539202E-07,0.999952254139254
1037,3,3.17599960617605E-07,0.999952571739214
1039,2,2.11733307078403E-07,0.999952783472521
1042,2,2.11733307078403E-07,0.999952995205829
1044,2,2.11733307078403E-07,0.999953206939136
1045,2,2.11733307078403E-07,0.999953418672443
1046,1,1.05866653539202E-07,0.999953524539096
1050,1,1.05866653539202E-07,0.99995363040575
1051,2,2.11733307078403E-07,0.999953842139057
1052,2,2.11733307078403E-07,0.999954053872364
1057,3,3.17599960617605E-07,0.999954371472325
1063,1,1.05866653539202E-07,0.999954477338978
1064,1,1.05866653539202E-07,0.999954583205632
1066,1,1.05866653539202E-07,0.999954689072285
1067,1,1.05866653539202E-07,0.999954794938939
1068,1,1.05866653539202E-07,0.999954900805592
1070,1,1.05866653539202E-07,0.999955006672246
1074,1,1.05866653539202E-07,0.999955112538899
1078,1,1.05866653539202E-07,0.999955218405553
1079,2,2.11733307078403E-07,0.99995543013886
1080,1,1.05866653539202E-07,0.999955536005514
1083,1,1.05866653539202E-07,0.999955641872167
1084,1,1.05866653539202E-07,0.999955747738821
1086,1,1.05866653539202E-07,0.999955853605474
1088,1,1.05866653539202E-07,0.999955959472128
1091,1,1.05866653539202E-07,0.999956065338781
1092,2,2.11733307078403E-07,0.999956277072088
1093,1,1.05866653539202E-07,0.999956382938742
1095,1,1.05866653539202E-07,0.999956488805395
1096,1,1.05866653539202E-07,0.999956594672049
1097,1,1.05866653539202E-07,0.999956700538702
1098,1,1.05866653539202E-07,0.999956806405356
1100,1,1.05866653539202E-07,0.99995691227201
1101,2,2.11733307078403E-07,0.999957124005317
1102,1,1.05866653539202E-07,0.99995722987197
1104,1,1.05866653539202E-07,0.999957335738624
1107,1,1.05866653539202E-07,0.999957441605277
1108,1,1.05866653539202E-07,0.999957547471931
1110,3,3.17599960617605E-07,0.999957865071891
1111,2,2.11733307078403E-07,0.999958076805198
1113,1,1.05866653539202E-07,0.999958182671852
1118,2,2.11733307078403E-07,0.999958394405159
1119,1,1.05866653539202E-07,0.999958500271813
1122,1,1.05866653539202E-07,0.999958606138466
1128,1,1.05866653539202E-07,0.99995871200512
1129,1,1.05866653539202E-07,0.999958817871773
1131,2,2.11733307078403E-07,0.99995902960508
1135,2,2.11733307078403E-07,0.999959241338387
1137,1,1.05866653539202E-07,0.999959347205041
1138,1,1.05866653539202E-07,0.999959453071694
1139,1,1.05866653539202E-07,0.999959558938348
1140,1,1.05866653539202E-07,0.999959664805001
1142,1,1.05866653539202E-07,0.999959770671655
1143,1,1.05866653539202E-07,0.999959876538309
1145,2,2.11733307078403E-07,0.999960088271616
1147,1,1.05866653539202E-07,0.999960194138269
1149,2,2.11733307078403E-07,0.999960405871576
1152,1,1.05866653539202E-07,0.99996051173823
1154,1,1.05866653539202E-07,0.999960617604883
1155,1,1.05866653539202E-07,0.999960723471537
1158,1,1.05866653539202E-07,0.99996082933819
1159,2,2.11733307078403E-07,0.999961041071498
1160,1,1.05866653539202E-07,0.999961146938151
1162,2,2.11733307078403E-07,0.999961358671458
1164,1,1.05866653539202E-07,0.999961464538112
1166,2,2.11733307078403E-07,0.999961676271419
1167,1,1.05866653539202E-07,0.999961782138072
1170,2,2.11733307078403E-07,0.999961993871379
1172,2,2.11733307078403E-07,0.999962205604687
1175,1,1.05866653539202E-07,0.99996231147134
1176,1,1.05866653539202E-07,0.999962417337994
1177,1,1.05866653539202E-07,0.999962523204647
1179,2,2.11733307078403E-07,0.999962734937954
1184,2,2.11733307078403E-07,0.999962946671261
1185,2,2.11733307078403E-07,0.999963158404568
1188,2,2.11733307078403E-07,0.999963370137875
1189,1,1.05866653539202E-07,0.999963476004529
1190,1,1.05866653539202E-07,0.999963581871183
1192,1,1.05866653539202E-07,0.999963687737836
1194,3,3.17599960617605E-07,0.999964005337797
1195,2,2.11733307078403E-07,0.999964217071104
1197,2,2.11733307078403E-07,0.999964428804411
1199,2,2.11733307078403E-07,0.999964640537718
1202,1,1.05866653539202E-07,0.999964746404372
1203,1,1.05866653539202E-07,0.999964852271025
1204,1,1.05866653539202E-07,0.999964958137679
1205,1,1.05866653539202E-07,0.999965064004332
1207,1,1.05866653539202E-07,0.999965169870986
1210,1,1.05866653539202E-07,0.999965275737639
1212,3,3.17599960617605E-07,0.9999655933376
1218,1,1.05866653539202E-07,0.999965699204253
1223,2,2.11733307078403E-07,0.99996591093756
1224,1,1.05866653539202E-07,0.999966016804214
1226,1,1.05866653539202E-07,0.999966122670867
1227,1,1.05866653539202E-07,0.999966228537521
1230,1,1.05866653539202E-07,0.999966334404174
1231,2,2.11733307078403E-07,0.999966546137482
1234,1,1.05866653539202E-07,0.999966652004135
1235,2,2.11733307078403E-07,0.999966863737442
1237,1,1.05866653539202E-07,0.999966969604096
1241,1,1.05866653539202E-07,0.999967075470749
1246,1,1.05866653539202E-07,0.999967181337403
1248,1,1.05866653539202E-07,0.999967287204056
1253,1,1.05866653539202E-07,0.99996739307071
1255,1,1.05866653539202E-07,0.999967498937363
1260,1,1.05866653539202E-07,0.999967604804017
1261,1,1.05866653539202E-07,0.999967710670671
1262,1,1.05866653539202E-07,0.999967816537324
1264,1,1.05866653539202E-07,0.999967922403978
1265,1,1.05866653539202E-07,0.999968028270631
1267,2,2.11733307078403E-07,0.999968240003938
1268,1,1.05866653539202E-07,0.999968345870592
1269,1,1.05866653539202E-07,0.999968451737245
1271,1,1.05866653539202E-07,0.999968557603899
1272,1,1.05866653539202E-07,0.999968663470552
1273,1,1.05866653539202E-07,0.999968769337206
1274,2,2.11733307078403E-07,0.999968981070513
1275,1,1.05866653539202E-07,0.999969086937167
1277,1,1.05866653539202E-07,0.99996919280382
1280,1,1.05866653539202E-07,0.999969298670474
1287,2,2.11733307078403E-07,0.999969510403781
1288,2,2.11733307078403E-07,0.999969722137088
1290,1,1.05866653539202E-07,0.999969828003741
1291,1,1.05866653539202E-07,0.999969933870395
1298,1,1.05866653539202E-07,0.999970039737048
1304,2,2.11733307078403E-07,0.999970251470355
1306,1,1.05866653539202E-07,0.999970357337009
1307,2,2.11733307078403E-07,0.999970569070316
1308,1,1.05866653539202E-07,0.99997067493697
1319,1,1.05866653539202E-07,0.999970780803623
1320,1,1.05866653539202E-07,0.999970886670277
1323,1,1.05866653539202E-07,0.99997099253693
1325,1,1.05866653539202E-07,0.999971098403584
1328,1,1.05866653539202E-07,0.999971204270237
1333,1,1.05866653539202E-07,0.999971310136891
1334,1,1.05866653539202E-07,0.999971416003544
1335,2,2.11733307078403E-07,0.999971627736851
1340,1,1.05866653539202E-07,0.999971733603505
1341,1,1.05866653539202E-07,0.999971839470159
1345,1,1.05866653539202E-07,0.999971945336812
1347,1,1.05866653539202E-07,0.999972051203466
1350,1,1.05866653539202E-07,0.999972157070119
1351,1,1.05866653539202E-07,0.999972262936773
1352,1,1.05866653539202E-07,0.999972368803426
1355,1,1.05866653539202E-07,0.99997247467008
1357,2,2.11733307078403E-07,0.999972686403387
1358,1,1.05866653539202E-07,0.99997279227004
1361,2,2.11733307078403E-07,0.999973004003348
1362,1,1.05866653539202E-07,0.999973109870001
1364,1,1.05866653539202E-07,0.999973215736654
1369,1,1.05866653539202E-07,0.999973321603308
1377,1,1.05866653539202E-07,0.999973427469962
1380,1,1.05866653539202E-07,0.999973533336615
1381,1,1.05866653539202E-07,0.999973639203269
1388,1,1.05866653539202E-07,0.999973745069922
1389,1,1.05866653539202E-07,0.999973850936576
1396,2,2.11733307078403E-07,0.999974062669883
1397,1,1.05866653539202E-07,0.999974168536536
1399,1,1.05866653539202E-07,0.99997427440319
1401,1,1.05866653539202E-07,0.999974380269843
1403,1,1.05866653539202E-07,0.999974486136497
1404,2,2.11733307078403E-07,0.999974697869804
1411,1,1.05866653539202E-07,0.999974803736458
1416,1,1.05866653539202E-07,0.999974909603111
1427,1,1.05866653539202E-07,0.999975015469765
1431,1,1.05866653539202E-07,0.999975121336418
1434,1,1.05866653539202E-07,0.999975227203072
1441,2,2.11733307078403E-07,0.999975438936379
1448,2,2.11733307078403E-07,0.999975650669686
1450,1,1.05866653539202E-07,0.999975756536339
1459,1,1.05866653539202E-07,0.999975862402993
1483,1,1.05866653539202E-07,0.999975968269647
1491,2,2.11733307078403E-07,0.999976180002954
1496,1,1.05866653539202E-07,0.999976285869607
1497,1,1.05866653539202E-07,0.999976391736261
1498,1,1.05866653539202E-07,0.999976497602914
1499,1,1.05866653539202E-07,0.999976603469568
1505,1,1.05866653539202E-07,0.999976709336221
1511,2,2.11733307078403E-07,0.999976921069528
1514,1,1.05866653539202E-07,0.999977026936182
1516,1,1.05866653539202E-07,0.999977132802835
1525,1,1.05866653539202E-07,0.999977238669489
1530,1,1.05866653539202E-07,0.999977344536143
1540,1,1.05866653539202E-07,0.999977450402796
1550,1,1.05866653539202E-07,0.99997755626945
1553,1,1.05866653539202E-07,0.999977662136103
1564,1,1.05866653539202E-07,0.999977768002757
1592,1,1.05866653539202E-07,0.99997787386941
1599,2,2.11733307078403E-07,0.999978085602717
1618,1,1.05866653539202E-07,0.999978191469371
1620,1,1.05866653539202E-07,0.999978297336024
1627,1,1.05866653539202E-07,0.999978403202678
1630,1,1.05866653539202E-07,0.999978509069332
1631,1,1.05866653539202E-07,0.999978614935985
1641,1,1.05866653539202E-07,0.999978720802639
1660,1,1.05866653539202E-07,0.999978826669292
1672,1,1.05866653539202E-07,0.999978932535946
1682,1,1.05866653539202E-07,0.999979038402599
1684,3,3.17599960617605E-07,0.99997935600256
1692,1,1.05866653539202E-07,0.999979461869213
1696,1,1.05866653539202E-07,0.999979567735867
1703,1,1.05866653539202E-07,0.999979673602521
1711,1,1.05866653539202E-07,0.999979779469174
1712,1,1.05866653539202E-07,0.999979885335828
1730,1,1.05866653539202E-07,0.999979991202481
1731,1,1.05866653539202E-07,0.999980097069134
1737,1,1.05866653539202E-07,0.999980202935788
1750,1,1.05866653539202E-07,0.999980308802442
1760,1,1.05866653539202E-07,0.999980414669095
1764,1,1.05866653539202E-07,0.999980520535749
1768,1,1.05866653539202E-07,0.999980626402402
1769,1,1.05866653539202E-07,0.999980732269056
1778,1,1.05866653539202E-07,0.999980838135709
1780,1,1.05866653539202E-07,0.999980944002363
1792,1,1.05866653539202E-07,0.999981049869017
1808,1,1.05866653539202E-07,0.99998115573567
1810,1,1.05866653539202E-07,0.999981261602323
1822,1,1.05866653539202E-07,0.999981367468977
1827,1,1.05866653539202E-07,0.999981473335631
1834,1,1.05866653539202E-07,0.999981579202284
1839,1,1.05866653539202E-07,0.999981685068938
1842,1,1.05866653539202E-07,0.999981790935591
1846,1,1.05866653539202E-07,0.999981896802245
1855,1,1.05866653539202E-07,0.999982002668898
1859,1,1.05866653539202E-07,0.999982108535552
1860,1,1.05866653539202E-07,0.999982214402205
1865,1,1.05866653539202E-07,0.999982320268859
1868,1,1.05866653539202E-07,0.999982426135512
1873,1,1.05866653539202E-07,0.999982532002166
1876,1,1.05866653539202E-07,0.99998263786882
1879,1,1.05866653539202E-07,0.999982743735473
1882,1,1.05866653539202E-07,0.999982849602127
1891,1,1.05866653539202E-07,0.99998295546878
1895,1,1.05866653539202E-07,0.999983061335434
1912,1,1.05866653539202E-07,0.999983167202087
1913,1,1.05866653539202E-07,0.999983273068741
1916,1,1.05866653539202E-07,0.999983378935394
1924,1,1.05866653539202E-07,0.999983484802048
1926,1,1.05866653539202E-07,0.999983590668701
1961,1,1.05866653539202E-07,0.999983696535355
1968,1,1.05866653539202E-07,0.999983802402008
2000,1,1.05866653539202E-07,0.999983908268662
2001,1,1.05866653539202E-07,0.999984014135316
2008,1,1.05866653539202E-07,0.999984120001969
2013,1,1.05866653539202E-07,0.999984225868623
2014,1,1.05866653539202E-07,0.999984331735276
2024,1,1.05866653539202E-07,0.99998443760193
2038,1,1.05866653539202E-07,0.999984543468583
2042,1,1.05866653539202E-07,0.999984649335237
2047,1,1.05866653539202E-07,0.99998475520189
2048,1,1.05866653539202E-07,0.999984861068544
2050,1,1.05866653539202E-07,0.999984966935197
2064,1,1.05866653539202E-07,0.999985072801851
2069,1,1.05866653539202E-07,0.999985178668505
2094,1,1.05866653539202E-07,0.999985284535158
2106,1,1.05866653539202E-07,0.999985390401812
2123,1,1.05866653539202E-07,0.999985496268465
2132,1,1.05866653539202E-07,0.999985602135119
2148,1,1.05866653539202E-07,0.999985708001772
2156,1,1.05866653539202E-07,0.999985813868426
2174,1,1.05866653539202E-07,0.999985919735079
2209,1,1.05866653539202E-07,0.999986025601733
2210,1,1.05866653539202E-07,0.999986131468386
2211,1,1.05866653539202E-07,0.99998623733504
2217,1,1.05866653539202E-07,0.999986343201693
2254,1,1.05866653539202E-07,0.999986449068347
2257,1,1.05866653539202E-07,0.999986554935001
2273,1,1.05866653539202E-07,0.999986660801654
2280,1,1.05866653539202E-07,0.999986766668308
2284,1,1.05866653539202E-07,0.999986872534961
2290,1,1.05866653539202E-07,0.999986978401615
2311,1,1.05866653539202E-07,0.999987084268268
2319,1,1.05866653539202E-07,0.999987190134922
2354,1,1.05866653539202E-07,0.999987296001575
2389,1,1.05866653539202E-07,0.999987401868229
2392,1,1.05866653539202E-07,0.999987507734882
2400,1,1.05866653539202E-07,0.999987613601536
2407,1,1.05866653539202E-07,0.999987719468189
2432,1,1.05866653539202E-07,0.999987825334843
2454,1,1.05866653539202E-07,0.999987931201497
2468,1,1.05866653539202E-07,0.99998803706815
2476,1,1.05866653539202E-07,0.999988142934804
2479,1,1.05866653539202E-07,0.999988248801457
2512,1,1.05866653539202E-07,0.999988354668111
2516,1,1.05866653539202E-07,0.999988460534764
2517,1,1.05866653539202E-07,0.999988566401418
2522,1,1.05866653539202E-07,0.999988672268071
2587,1,1.05866653539202E-07,0.999988778134725
2610,1,1.05866653539202E-07,0.999988884001378
2636,1,1.05866653539202E-07,0.999988989868032
2658,2,2.11733307078403E-07,0.999989201601339
2679,1,1.05866653539202E-07,0.999989307467992
2696,1,1.05866653539202E-07,0.999989413334646
2730,1,1.05866653539202E-07,0.9999895192013
2755,1,1.05866653539202E-07,0.999989625067953
2772,1,1.05866653539202E-07,0.999989730934607
2805,2,2.11733307078403E-07,0.999989942667914
2812,1,1.05866653539202E-07,0.999990048534567
2814,1,1.05866653539202E-07,0.999990154401221
2826,1,1.05866653539202E-07,0.999990260267874
2837,1,1.05866653539202E-07,0.999990366134528
2839,1,1.05866653539202E-07,0.999990472001181
2840,1,1.05866653539202E-07,0.999990577867835
2862,1,1.05866653539202E-07,0.999990683734488
2884,1,1.05866653539202E-07,0.999990789601142
2898,1,1.05866653539202E-07,0.999990895467796
2914,1,1.05866653539202E-07,0.999991001334449
2998,1,1.05866653539202E-07,0.999991107201103
3006,1,1.05866653539202E-07,0.999991213067756
3040,1,1.05866653539202E-07,0.99999131893441
3097,1,1.05866653539202E-07,0.999991424801063
3167,1,1.05866653539202E-07,0.999991530667717
3181,1,1.05866653539202E-07,0.99999163653437
3196,1,1.05866653539202E-07,0.999991742401024
3214,1,1.05866653539202E-07,0.999991848267677
3218,1,1.05866653539202E-07,0.999991954134331
3252,1,1.05866653539202E-07,0.999992060000984
3276,1,1.05866653539202E-07,0.999992165867638
3297,1,1.05866653539202E-07,0.999992271734292
3326,1,1.05866653539202E-07,0.999992377600945
3403,1,1.05866653539202E-07,0.999992483467599
3413,1,1.05866653539202E-07,0.999992589334252
3414,1,1.05866653539202E-07,0.999992695200906
3423,1,1.05866653539202E-07,0.999992801067559
3433,1,1.05866653539202E-07,0.999992906934213
3435,1,1.05866653539202E-07,0.999993012800866
3436,1,1.05866653539202E-07,0.99999311866752
3460,1,1.05866653539202E-07,0.999993224534173
3471,1,1.05866653539202E-07,0.999993330400827
3475,1,1.05866653539202E-07,0.999993436267481
3480,1,1.05866653539202E-07,0.999993542134134
3485,1,1.05866653539202E-07,0.999993648000788
3492,1,1.05866653539202E-07,0.999993753867441
3499,1,1.05866653539202E-07,0.999993859734095
3528,1,1.05866653539202E-07,0.999993965600748
3529,1,1.05866653539202E-07,0.999994071467402
3538,1,1.05866653539202E-07,0.999994177334055
3540,1,1.05866653539202E-07,0.999994283200709
3552,1,1.05866653539202E-07,0.999994389067362
3555,1,1.05866653539202E-07,0.999994494934016
3557,1,1.05866653539202E-07,0.999994600800669
3559,1,1.05866653539202E-07,0.999994706667323
3561,1,1.05866653539202E-07,0.999994812533977
3562,1,1.05866653539202E-07,0.99999491840063
3569,1,1.05866653539202E-07,0.999995024267284
3617,1,1.05866653539202E-07,0.999995130133937
3631,1,1.05866653539202E-07,0.999995236000591
3637,1,1.05866653539202E-07,0.999995341867244
3643,1,1.05866653539202E-07,0.999995447733898
3651,1,1.05866653539202E-07,0.999995553600551
3678,1,1.05866653539202E-07,0.999995659467205
3685,1,1.05866653539202E-07,0.999995765333858
3815,1,1.05866653539202E-07,0.999995871200512
3836,1,1.05866653539202E-07,0.999995977067166
3843,1,1.05866653539202E-07,0.999996082933819
3877,1,1.05866653539202E-07,0.999996188800473
3918,1,1.05866653539202E-07,0.999996294667126
3922,1,1.05866653539202E-07,0.99999640053378
3964,1,1.05866653539202E-07,0.999996506400433
3997,1,1.05866653539202E-07,0.999996612267087
4015,1,1.05866653539202E-07,0.99999671813374
4057,1,1.05866653539202E-07,0.999996824000394
4074,1,1.05866653539202E-07,0.999996929867047
4134,1,1.05866653539202E-07,0.999997035733701
4166,1,1.05866653539202E-07,0.999997141600355
4184,1,1.05866653539202E-07,0.999997247467008
4230,1,1.05866653539202E-07,0.999997353333661
4438,1,1.05866653539202E-07,0.999997459200315
4492,1,1.05866653539202E-07,0.999997565066968
4771,1,1.05866653539202E-07,0.999997670933622
4945,1,1.05866653539202E-07,0.999997776800276
5210,1,1.05866653539202E-07,0.999997882666929
5538,1,1.05866653539202E-07,0.999997988533583
5595,1,1.05866653539202E-07,0.999998094400236
5610,1,1.05866653539202E-07,0.99999820026689
5639,1,1.05866653539202E-07,0.999998306133543
6433,1,1.05866653539202E-07,0.999998412000197
6437,1,1.05866653539202E-07,0.99999851786685
6487,1,1.05866653539202E-07,0.999998623733504
6525,1,1.05866653539202E-07,0.999998729600157
6566,1,1.05866653539202E-07,0.999998835466811
6615,1,1.05866653539202E-07,0.999998941333465
6620,1,1.05866653539202E-07,0.999999047200118
7117,1,1.05866653539202E-07,0.999999153066772
7135,1,1.05866653539202E-07,0.999999258933425
7169,1,1.05866653539202E-07,0.999999364800079
7505,1,1.05866653539202E-07,0.999999470666732
7581,1,1.05866653539202E-07,0.999999576533386
12180,1,1.05866653539202E-07,0.999999682400039
12185,1,1.05866653539202E-07,0.999999788266693
12571,1,1.05866653539202E-07,0.999999894133346
12600,1,1.05866653539202E-07,1
,9445845,1,2
