cases,developers,a_age_group,message_length_avg_better,refactor_mle_avg_better,commit_hours_better,message_length_avg_same,commit_hours_same,owned_repository_avg_better,files_edited_avg_better,ccp_avg_better,same_date_duration_avg_avg_better,commit_period_avg_better,commit_days_avg_better
1,1,New,1,1,0,1,0,1,1,1,1,1,0
1,1,New,1,1,0,1,0,1,0,1,0,0,1
1,1,New,0,0,1,0,1,0,1,1,0,1,0
1,1,New,0,1,1,0,0,0,0,0,1,1,1
1,1,New,1,1,1,1,1,1,1,1,1,1,1
1,1,New,1,1,0,0,0,0,1,0,1,0,0
1,1,New,0,1,1,0,0,0,1,0,1,0,1
1,1,New,0,0,1,0,1,0,0,0,1,0,1
1,1,New,1,1,1,1,0,1,0,1,1,0,0
1,1,New,1,0,0,0,0,0,1,0,1,0,0
1,1,New,1,1,1,0,0,0,1,0,1,0,1
1,1,New,0,1,1,0,0,0,0,1,1,0,1
1,1,New,0,1,0,0,0,0,0,0,0,0,0
1,1,New,1,0,1,0,0,0,0,1,0,0,1
1,1,New,0,1,0,0,0,0,1,1,0,1,0
1,1,New,1,1,1,0,0,0,0,0,0,1,1
1,1,New,1,1,1,1,0,1,0,1,0,0,0
1,1,New,1,0,1,0,1,0,0,1,1,0,1
1,1,New,1,0,1,0,1,0,1,1,0,0,0
1,1,New,1,1,1,1,1,1,1,1,0,1,0
1,1,New,0,1,1,0,0,0,1,0,1,1,0
1,1,New,1,1,1,0,1,0,1,0,0,0,0
1,1,New,1,1,1,1,0,1,0,1,1,1,1
1,1,New,1,1,0,1,0,1,1,1,1,1,1
1,1,New,0,1,1,0,1,0,1,1,1,0,1
1,1,New,1,1,0,0,0,0,1,1,1,1,1
1,1,New,1,1,1,1,0,1,0,1,0,1,0
1,1,New,0,0,1,0,0,0,0,0,1,0,1
1,1,New,1,1,1,0,1,0,0,0,1,1,0
1,1,New,1,0,0,0,0,0,0,0,0,0,0
1,1,New,1,1,0,0,0,0,0,1,0,0,0
1,1,New,1,0,1,0,1,1,1,0,1,1,0
1,1,New,1,1,0,0,0,0,0,1,1,1,1
1,1,New,1,0,0,0,0,0,0,1,1,1,0
1,1,New,0,1,1,0,0,0,1,1,1,0,0
1,1,New,0,1,0,0,0,0,0,1,1,1,1
1,1,New,1,1,0,0,0,0,1,0,1,0,1
1,1,New,0,1,0,0,0,0,1,0,1,0,0
1,1,New,1,1,1,0,0,0,1,0,0,1,1
1,1,New,0,0,1,0,1,0,1,0,1,0,1
1,1,New,1,1,1,1,1,1,1,1,0,0,1
1,1,New,1,0,0,0,0,0,1,1,0,1,0
1,1,New,0,1,1,0,1,0,1,1,1,1,1
1,1,New,0,0,1,0,0,0,1,0,0,0,1
1,1,New,0,0,1,0,0,0,1,1,0,1,1
1,1,New,0,1,1,0,1,1,1,0,1,1,0
1,1,New,0,1,0,0,0,0,1,0,1,0,1
1,1,New,1,1,1,1,0,1,0,1,0,1,1
1,1,New,0,0,0,0,0,0,1,0,1,1,1
1,1,New,1,1,1,0,0,0,0,1,1,1,1
1,1,New,1,0,0,0,0,0,0,1,1,0,1
1,1,New,1,1,1,0,1,0,0,0,0,0,0
1,1,New,0,0,1,0,0,0,1,1,1,0,1
2,1,New,1,1,1,1,1,1,1,1,0,0,0
1,1,New,1,1,1,0,0,0,0,0,1,0,1
1,1,New,1,1,1,0,1,0,0,1,0,0,0
1,1,New,1,0,0,0,0,0,1,0,1,0,1
1,1,New,1,1,1,0,0,0,0,1,0,0,0
1,1,New,0,0,1,0,1,0,0,1,0,1,0
1,1,New,1,1,1,1,1,1,0,1,0,1,0
1,1,New,1,1,0,0,0,0,1,1,0,0,1
1,1,New,1,0,0,0,0,0,1,1,1,0,1
1,1,New,0,0,1,0,0,0,1,0,0,1,0
1,1,New,0,1,0,0,0,0,0,0,0,1,0
1,1,New,0,0,0,0,0,0,1,0,1,1,0
1,1,New,0,1,1,0,0,0,1,1,1,1,1
1,1,New,0,1,1,0,0,0,0,1,0,0,0
1,1,New,1,1,0,0,0,0,0,1,0,0,1
1,1,New,1,0,0,0,0,0,0,1,1,1,1
1,1,New,0,0,1,0,0,0,1,0,1,0,1
1,1,New,1,1,0,0,0,0,1,1,1,0,0
1,1,New,1,0,1,0,0,0,1,0,0,1,1
1,1,New,1,0,1,0,0,0,0,0,0,1,0
1,1,New,0,1,1,0,0,0,1,0,0,1,1
1,1,New,1,1,1,1,1,1,0,1,1,0,1
1,1,New,1,1,0,0,0,0,0,0,0,0,0
1,1,New,1,1,1,0,0,0,1,1,0,0,0
1,1,New,0,1,1,0,1,0,0,1,0,0,0
1,1,New,1,1,1,0,0,0,0,1,0,1,1
1,1,New,1,1,0,0,0,0,0,0,1,1,0
1,1,New,0,0,0,0,0,0,0,0,1,0,0
1,1,New,0,1,1,0,1,0,0,1,1,0,0
1,1,New,1,0,0,0,0,0,1,0,1,1,0
1,1,New,0,1,1,0,0,0,1,0,1,1,1
1,1,New,0,1,0,0,0,0,1,1,1,0,1
1,1,New,1,1,1,0,0,0,0,1,1,1,0
1,1,New,1,0,0,0,0,0,0,1,0,1,0
1,1,New,1,0,1,0,0,0,0,0,1,0,1
2,2,New,1,1,0,1,0,1,1,1,0,1,0
2,2,New,0,1,1,0,1,0,0,1,1,0,1
2,2,New,1,1,1,1,0,1,1,1,1,0,1
2,2,New,0,0,0,0,0,0,0,1,1,1,1
2,2,New,0,1,1,0,0,0,0,1,0,0,1
2,2,New,0,0,0,0,0,0,0,0,0,0,0
2,2,New,1,0,1,0,0,0,0,1,0,1,1
2,2,New,0,0,0,0,0,0,1,1,1,0,0
2,2,New,0,1,0,0,0,0,0,1,1,0,0
2,2,New,1,1,0,0,0,0,0,1,1,0,0
2,2,New,0,0,0,0,0,0,0,0,0,1,0
2,2,New,1,1,0,0,0,0,0,0,1,0,0
2,2,New,0,0,1,0,0,0,1,1,0,0,1
2,2,New,1,1,1,1,1,1,1,1,1,0,0
2,2,New,1,1,1,1,0,1,0,1,1,0,1
2,2,New,1,1,1,0,0,0,1,0,0,0,1
2,2,New,1,1,1,1,0,1,1,1,1,0,0
2,2,New,1,1,1,0,0,0,0,0,1,1,1
2,2,New,1,1,1,1,1,1,0,1,0,0,0
2,2,New,1,1,1,0,0,0,1,1,1,0,1
2,2,New,0,1,0,0,0,0,0,1,1,0,1
2,2,New,0,1,0,0,0,0,0,1,1,1,0
2,2,New,0,0,0,0,0,0,0,1,0,0,0
2,2,New,1,0,0,0,0,0,1,1,1,0,0
2,2,New,1,0,1,0,0,0,1,1,1,1,1
2,2,New,1,0,0,0,0,0,0,1,1,0,0
2,2,New,1,1,1,1,0,1,0,1,0,0,1
3,3,New,1,1,0,1,0,1,0,1,0,1,0
4,3,New,1,1,1,1,0,1,1,1,0,0,0
3,3,New,0,1,1,0,0,0,1,1,0,1,1
3,3,New,1,1,1,0,0,0,1,1,0,1,1
3,3,New,0,1,1,0,0,0,1,0,0,0,1
3,3,New,0,1,0,0,0,0,0,1,0,0,0
3,3,New,1,0,0,0,0,0,0,0,1,0,0
3,3,New,1,1,1,1,1,1,0,1,0,1,1
3,3,New,1,0,0,0,0,0,0,1,0,0,0
4,3,New,1,1,0,1,0,1,1,1,0,1,1
3,3,New,0,1,1,0,0,0,1,1,0,0,1
3,3,New,1,0,1,0,1,1,1,0,0,1,0
3,3,New,1,1,0,1,0,1,0,1,1,0,0
3,3,New,1,1,0,1,0,1,1,1,1,0,0
3,3,New,0,0,0,0,0,0,1,1,0,0,0
3,3,New,0,0,1,0,1,1,1,0,0,1,0
3,3,New,1,0,1,0,1,1,1,1,0,1,0
3,3,New,1,1,1,1,0,1,1,1,0,0,1
288,259,New,0,0,0,0,0,1,0,1,0,0,0
4,4,New,0,0,1,0,1,1,1,1,1,1,0
4,4,New,1,1,0,1,0,1,0,1,1,1,0
4,4,New,1,0,1,0,1,1,0,1,1,1,1
4,4,New,1,0,1,0,0,1,1,0,1,0,0
4,4,New,0,0,1,0,1,1,1,0,1,1,0
4,4,New,1,0,0,0,0,1,0,0,0,1,1
4,4,New,0,1,1,0,1,1,1,0,0,1,0
4,4,New,1,1,0,1,0,1,1,1,0,0,1
4,4,New,0,1,0,0,0,0,0,0,1,0,0
4,4,New,1,1,1,0,0,0,1,1,0,0,1
5,5,New,1,0,1,0,1,1,1,0,1,0,0
5,5,New,0,0,1,0,0,1,1,0,1,1,0
5,5,New,1,1,1,1,0,1,1,1,1,1,1
5,5,New,1,0,0,0,0,1,1,0,0,1,1
6,5,New,1,1,1,1,1,1,1,1,0,1,1
5,5,New,1,0,1,0,1,1,1,1,1,1,0
6,6,New,0,1,1,0,1,1,0,0,0,0,1
6,6,New,0,1,1,0,0,1,1,0,1,1,0
6,6,New,1,0,1,0,0,1,1,0,1,1,0
6,6,New,1,1,1,0,1,1,0,0,1,1,1
6,6,New,1,1,1,0,0,0,1,0,1,1,1
7,6,New,1,1,1,0,1,1,0,0,1,1,0
6,6,New,1,0,0,0,0,1,0,1,0,1,1
7,7,New,1,0,1,0,1,1,0,0,1,1,0
7,7,New,0,1,1,0,1,1,0,0,1,1,1
7,7,New,1,0,1,0,1,1,1,1,0,0,0
7,7,New,1,0,1,0,1,1,0,0,0,1,1
7,7,New,1,0,1,0,1,1,0,1,1,1,0
7,7,New,1,0,1,0,0,1,1,1,1,1,0
7,7,New,1,0,1,0,1,1,1,1,1,1,1
7,7,New,1,0,1,0,1,1,0,0,0,0,1
7,7,New,0,0,1,0,0,1,1,1,1,1,0
7,7,New,0,0,0,0,0,0,0,1,1,0,0
8,7,New,1,1,0,1,0,1,0,1,0,0,0
7,7,New,0,0,1,0,1,1,0,0,1,1,0
8,8,New,0,0,0,0,0,1,0,0,0,0,1
8,8,New,1,1,1,0,0,1,1,0,1,0,0
8,8,New,0,1,0,0,0,1,0,0,0,1,1
8,8,New,1,1,0,1,0,1,1,1,0,0,0
8,8,New,0,0,1,0,1,1,1,0,0,0,0
8,8,New,0,0,1,0,1,1,1,0,1,0,0
8,8,New,1,1,1,0,1,1,1,0,1,1,0
8,8,New,0,0,1,0,0,1,1,0,0,1,0
8,8,New,1,1,1,0,1,1,1,1,0,1,0
9,8,New,1,1,1,0,0,1,1,0,1,1,0
8,8,New,1,0,1,0,1,1,0,1,0,0,1
9,8,New,1,0,1,0,0,1,0,0,1,1,0
8,8,New,1,0,1,0,1,1,0,1,0,1,1
8,8,New,1,0,1,0,1,1,0,0,1,1,1
8,8,New,1,0,1,0,0,1,1,1,1,0,0
282,264,New,1,1,1,0,0,1,1,1,0,1,1
11,9,New,0,0,0,0,0,1,0,0,0,1,1
9,9,New,0,1,1,0,1,1,1,1,1,1,0
9,9,New,1,0,1,0,1,1,1,1,0,0,1
9,9,New,0,1,1,0,1,1,0,0,0,1,0
9,9,New,1,0,1,0,1,1,0,1,1,0,1
9,9,New,0,1,1,0,0,1,0,0,1,1,0
9,9,New,1,0,1,0,1,1,1,1,1,0,0
9,9,New,0,0,1,0,1,1,0,0,0,1,1
9,9,New,0,0,1,0,1,1,1,1,0,1,0
11,9,New,0,1,0,0,0,1,0,0,1,1,1
9,9,New,1,1,1,0,1,1,0,1,1,0,1
10,10,New,1,1,1,0,1,1,0,1,1,1,1
12,10,New,1,1,1,0,0,1,1,1,1,1,0
11,10,New,1,0,1,0,1,1,1,0,0,1,1
10,10,New,1,0,0,0,0,1,0,0,0,0,1
10,10,New,0,1,1,0,1,1,0,0,1,1,0
10,10,New,1,0,1,0,1,1,1,0,0,0,0
10,10,New,1,1,1,0,1,1,0,1,0,0,1
11,11,New,1,0,1,0,0,1,0,1,1,0,0
11,11,New,1,1,1,0,1,1,0,1,1,1,0
11,11,New,0,1,1,0,0,1,1,1,1,1,0
11,11,New,1,0,1,0,1,1,1,0,0,0,1
11,11,New,1,0,1,0,0,1,1,1,0,1,0
12,11,New,0,1,1,0,1,1,0,1,1,1,1
11,11,New,0,0,0,0,0,1,0,1,0,1,1
11,11,New,1,1,1,1,0,1,1,1,0,1,1
11,11,New,1,0,1,0,1,1,1,0,1,0,1
11,11,New,0,0,1,0,0,1,1,0,1,0,0
11,11,New,0,0,1,0,1,1,1,1,1,0,0
11,11,New,1,0,1,0,1,1,0,1,0,1,0
11,11,New,0,1,1,0,1,1,1,0,1,0,0
11,11,New,1,0,0,0,0,1,0,1,0,0,1
11,11,New,1,0,1,0,1,1,1,1,1,0,1
11,11,New,0,0,1,0,1,1,1,1,0,0,0
11,11,New,0,0,1,0,1,1,0,1,1,1,0
12,12,New,0,1,1,0,0,1,1,0,1,0,0
12,12,New,1,0,1,0,0,1,1,1,0,0,0
12,12,New,0,1,1,0,1,1,0,1,0,0,1
12,12,New,0,0,1,0,0,1,0,0,1,1,0
12,12,New,0,1,0,0,0,1,1,0,0,1,0
12,12,New,1,0,1,0,0,1,0,1,1,1,0
12,12,New,1,0,1,0,1,1,1,1,0,1,1
12,12,New,0,0,0,0,0,1,1,0,0,1,1
12,12,New,0,1,1,0,1,1,0,1,1,1,0
12,12,New,1,1,0,0,0,1,0,0,1,1,1
12,12,New,0,0,1,0,1,1,0,0,1,1,1
12,12,New,0,0,1,0,1,1,0,0,0,0,1
12,12,New,1,0,0,0,0,1,1,1,0,1,0
12,12,New,1,0,1,0,0,1,1,0,0,1,0
12,12,New,1,1,1,0,1,1,0,1,0,1,1
12,12,New,1,1,1,0,1,1,0,0,1,0,1
22,12,New,1,1,1,0,1,1,1,1,1,0,0
13,12,New,1,0,0,0,0,1,1,0,1,0,1
13,13,New,0,0,1,0,1,1,0,1,1,1,1
13,13,New,0,0,1,0,0,1,1,1,0,1,0
15,13,New,0,1,1,0,0,1,0,1,1,1,0
13,13,New,0,0,0,0,0,1,1,1,0,1,1
15,13,New,0,1,1,0,1,1,0,0,1,0,1
14,13,New,1,0,0,0,0,1,1,0,1,1,0
13,13,New,1,0,1,0,1,1,0,0,1,0,1
13,13,New,0,0,1,0,1,1,0,1,0,1,1
13,13,New,1,1,1,0,1,1,1,1,1,1,0
13,13,New,1,1,1,0,1,1,1,0,1,0,0
13,13,New,1,0,1,0,1,1,0,1,1,0,0
14,14,New,0,0,1,0,0,1,0,1,1,1,0
14,14,New,1,0,0,0,0,1,0,1,1,0,1
16,14,New,0,1,1,0,1,1,0,1,0,1,1
14,14,New,0,0,1,0,1,1,0,0,1,0,0
14,14,New,0,1,1,0,1,1,1,1,0,1,0
14,14,New,0,1,1,0,1,1,0,0,0,1,1
14,14,New,0,1,1,0,1,1,1,0,0,0,1
14,14,New,1,0,0,0,0,1,1,1,0,1,1
14,14,New,1,1,1,0,1,1,0,0,1,0,0
14,14,New,1,1,0,0,0,1,0,0,1,0,1
14,14,New,0,0,1,0,1,1,0,0,1,0,1
14,14,New,1,0,1,0,1,1,1,0,1,1,1
15,15,New,1,1,0,0,0,1,0,1,1,1,1
15,15,New,1,1,0,0,0,1,0,0,0,0,1
15,15,New,1,1,1,0,1,1,0,0,0,0,1
15,15,New,1,1,1,0,1,1,0,0,0,1,1
15,15,New,1,0,0,0,0,1,1,0,0,0,1
15,15,New,0,0,1,0,1,1,1,0,0,0,1
16,16,New,1,0,0,0,0,1,0,0,1,0,1
17,16,New,0,0,1,0,1,1,0,1,0,1,0
16,16,New,0,1,1,0,1,1,1,0,0,1,1
16,16,New,0,1,0,0,0,1,1,0,0,0,1
16,16,New,0,0,0,0,0,1,1,0,0,1,0
16,16,New,1,0,0,0,0,1,0,0,1,1,1
16,16,New,1,0,1,0,1,1,0,0,0,1,0
16,16,New,1,1,1,0,1,1,1,0,0,1,0
16,16,New,1,0,0,0,0,1,1,1,0,0,1
17,16,New,1,0,1,0,1,1,0,0,1,0,0
16,16,New,1,1,0,0,0,1,0,0,0,1,1
17,17,New,0,0,1,0,0,1,1,1,1,0,0
18,17,New,0,0,0,0,0,1,0,0,1,0,1
17,17,New,0,0,1,0,1,1,1,0,0,1,1
17,17,New,0,0,0,0,0,1,1,1,0,1,0
17,17,New,0,0,1,0,1,1,0,0,0,1,0
17,17,New,0,0,1,0,1,1,1,0,1,0,1
18,17,New,0,1,1,0,0,1,0,0,1,0,0
17,17,New,0,0,0,0,0,1,1,0,0,0,1
18,17,New,1,0,1,0,0,1,0,1,1,0,1
20,17,New,0,1,1,0,1,1,1,1,1,0,0
17,17,New,1,0,1,0,0,1,0,0,1,0,1
17,17,New,1,1,0,0,0,1,0,1,0,1,1
19,17,New,0,1,1,0,1,1,0,1,0,1,0
17,17,New,1,1,1,0,1,1,0,1,0,1,0
20,17,New,0,1,1,0,1,1,1,0,0,0,0
17,17,New,1,0,0,0,0,1,1,0,0,1,0
18,17,New,0,0,1,0,1,1,0,1,0,0,1
19,18,New,1,1,1,0,0,1,1,1,0,1,0
22,18,New,1,1,1,0,0,1,0,1,1,1,0
20,18,New,0,1,1,0,0,1,0,0,0,1,0
21,18,New,1,1,1,0,1,1,0,1,1,0,0
19,18,New,1,1,1,0,1,1,0,0,0,1,0
18,18,New,0,1,0,0,0,1,0,1,0,1,1
18,18,New,1,1,1,0,1,1,1,0,0,0,1
19,18,New,0,1,1,0,1,1,0,0,1,0,0
20,18,New,0,1,1,0,1,1,1,0,1,0,1
18,18,New,1,0,0,0,0,1,1,1,1,1,1
18,18,New,0,0,0,0,0,1,0,0,1,1,1
18,18,New,1,0,1,0,1,1,0,1,0,0,0
19,18,New,0,0,0,0,0,1,0,1,0,0,1
18,18,New,0,0,0,0,0,1,1,0,1,1,0
22,19,New,1,1,1,0,0,1,1,1,1,0,0
23,19,New,0,1,1,0,0,1,1,1,0,1,0
19,19,New,0,0,0,0,0,1,1,0,1,1,1
19,19,New,1,0,0,0,0,1,0,1,1,1,1
19,19,New,1,0,1,0,0,1,1,0,0,0,0
20,20,New,0,0,1,0,0,1,1,0,0,0,0
20,20,New,1,1,0,0,0,1,0,1,0,0,1
24,20,New,0,1,1,0,0,1,1,0,0,1,0
20,20,New,1,0,1,0,0,1,0,1,0,1,0
21,20,New,1,1,1,0,0,1,0,0,1,1,0
20,20,New,0,0,1,0,0,1,0,0,0,1,0
22,21,New,1,1,1,0,1,1,1,0,1,0,1
21,21,New,1,0,1,0,0,1,0,0,1,0,0
21,21,New,0,0,1,0,0,1,0,0,1,0,0
22,21,New,0,0,1,0,1,1,1,0,1,1,1
21,21,New,1,0,1,0,0,1,0,0,0,1,0
21,21,New,0,0,1,0,1,1,1,1,0,0,1
22,21,New,1,1,1,0,1,1,1,1,0,0,0
21,21,New,1,0,1,0,0,1,0,0,1,1,1
22,22,New,1,0,0,0,0,1,1,1,1,0,1
24,22,New,0,0,1,0,1,1,0,1,1,0,1
22,22,New,0,1,0,0,0,1,1,0,0,1,1
22,22,New,0,1,1,0,1,1,0,1,1,0,1
22,22,New,0,1,1,0,1,1,1,0,1,1,1
22,22,New,0,1,1,0,0,1,0,1,0,1,0
22,22,New,1,0,0,0,0,1,1,1,1,1,0
24,22,New,0,0,1,0,1,1,1,1,0,1,1
23,23,New,0,1,1,0,0,1,1,1,1,0,0
26,23,New,0,0,0,0,0,1,1,1,0,0,1
23,23,New,1,1,0,0,0,1,0,1,1,0,1
23,23,New,0,0,0,0,0,1,1,0,1,0,1
25,23,New,0,0,0,0,0,1,1,1,1,1,0
23,23,New,0,0,1,0,0,1,0,1,0,1,0
23,23,New,1,0,1,0,1,1,0,0,0,0,0
26,24,New,0,1,0,0,0,1,0,1,0,0,1
29,24,New,0,1,1,0,1,1,0,1,1,0,0
25,24,New,0,1,0,0,0,1,1,1,0,1,1
27,24,New,0,1,0,0,0,1,0,0,0,0,1
24,24,New,1,1,1,0,1,1,0,1,0,0,0
34,25,New,1,1,1,0,0,1,1,0,0,1,0
25,25,New,0,1,1,0,1,1,0,0,0,0,0
25,25,New,1,1,1,0,0,1,0,0,1,0,0
29,25,New,0,1,1,0,1,1,1,1,0,0,0
28,25,New,0,1,0,0,0,1,0,0,1,0,1
27,26,New,1,1,1,0,0,1,0,1,1,0,0
34,26,New,0,1,1,0,0,1,0,1,1,0,0
27,26,New,0,0,1,0,0,1,1,1,0,0,0
30,26,New,1,1,0,0,0,1,1,1,0,1,0
31,26,New,0,1,0,0,0,1,1,0,1,1,0
27,26,New,1,1,1,0,1,1,1,0,1,1,1
28,26,New,1,1,1,0,0,1,0,0,0,1,0
27,27,New,0,0,1,0,0,1,0,0,0,0,0
27,27,New,0,1,1,0,0,1,1,0,0,0,0
27,27,New,1,0,0,0,0,1,1,0,1,1,1
27,27,New,0,1,0,0,0,1,1,0,1,1,1
27,27,New,0,1,1,0,1,1,1,1,0,0,1
28,28,New,0,0,1,0,1,1,0,0,0,0,0
28,28,New,1,1,0,0,0,1,1,1,0,1,1
41,28,New,0,1,0,0,0,1,1,1,0,1,0
32,28,New,0,1,1,0,0,1,1,1,0,0,0
30,28,New,0,1,0,0,0,1,1,0,1,0,1
28,28,New,0,1,0,0,0,1,0,1,1,1,1
29,28,New,1,1,1,0,1,1,1,1,0,1,1
29,28,New,0,0,1,0,0,1,0,1,1,0,0
30,28,New,1,1,0,0,0,1,1,0,1,1,0
29,29,New,1,1,1,0,1,1,1,0,0,0,0
32,29,New,0,0,1,0,1,1,1,1,1,1,1
35,29,New,0,1,1,0,0,1,0,0,1,0,1
30,29,New,1,1,0,0,0,1,1,0,1,1,1
31,29,New,0,0,1,0,0,1,0,0,1,0,1
32,30,New,0,0,1,0,1,1,1,1,1,0,1
32,30,New,1,0,1,0,0,1,0,1,0,1,1
31,30,New,1,1,1,0,0,1,1,0,0,0,0
30,30,New,1,1,0,0,0,1,1,0,0,0,1
32,30,New,1,0,1,0,0,1,0,1,1,1,1
30,30,New,1,0,1,0,0,1,0,1,0,0,1
30,30,New,0,1,1,0,1,1,1,1,0,1,1
31,31,New,1,1,0,0,0,1,1,0,0,1,1
32,31,New,1,1,0,0,0,1,1,0,1,0,1
31,31,New,1,1,0,0,0,1,1,1,0,0,1
42,31,New,1,1,1,0,0,1,0,1,1,1,1
37,31,New,1,1,1,0,0,1,1,1,0,0,0
31,31,New,0,1,1,0,0,1,0,0,0,0,0
31,31,New,0,0,0,0,0,1,0,1,1,1,1
32,32,New,1,0,1,0,0,1,0,1,0,0,0
32,32,New,0,1,1,0,0,1,0,0,1,1,1
34,32,New,1,1,1,0,0,1,0,1,0,1,0
34,33,New,1,1,1,0,1,1,1,1,1,1,1
34,33,New,1,0,0,0,0,1,0,1,0,1,0
33,33,New,0,0,0,0,0,1,1,0,1,0,0
38,33,New,1,1,0,0,0,1,1,0,0,1,0
35,34,New,0,1,1,0,1,1,0,1,0,0,0
34,34,New,1,0,1,0,0,1,0,0,0,0,0
35,34,New,1,1,1,0,1,1,1,0,0,1,1
34,34,New,1,1,1,0,0,1,0,0,1,0,1
35,34,New,1,1,1,0,1,1,1,1,0,0,1
36,35,New,1,1,1,0,1,1,0,0,0,0,0
35,35,New,1,0,0,0,0,1,1,1,0,0,0
35,35,New,1,1,1,0,0,1,0,1,1,0,1
311,291,New,0,1,1,0,0,1,1,1,0,1,1
36,36,New,1,1,1,0,1,1,1,1,1,0,1
36,36,New,0,0,0,0,0,1,1,0,0,0,0
36,36,New,0,1,0,0,0,1,1,1,1,1,1
41,37,New,0,1,1,0,1,1,1,1,1,0,1
37,37,New,0,0,1,0,1,1,0,1,1,0,0
38,37,New,1,0,1,0,0,1,0,0,0,0,1
38,38,New,1,0,0,0,0,1,1,0,1,0,0
39,39,New,1,1,0,0,0,1,1,1,1,1,0
41,39,New,1,1,1,0,0,1,0,0,1,1,1
40,39,New,0,0,1,0,0,1,0,0,1,1,1
39,39,New,1,0,1,0,0,1,1,1,1,0,1
40,40,New,0,1,1,0,0,1,0,0,0,1,1
40,40,New,1,1,0,0,0,1,1,1,1,1,1
42,41,New,0,1,1,0,1,1,1,1,1,1,1
44,41,New,0,1,0,0,0,1,1,1,1,1,0
41,41,New,0,0,1,0,0,1,0,0,0,0,1
41,41,New,1,0,0,0,0,1,1,0,0,0,0
42,41,New,0,0,1,0,1,1,0,1,0,0,0
42,41,New,0,1,1,0,0,1,0,0,0,0,1
42,42,New,1,1,0,0,0,1,1,1,1,0,1
43,43,New,0,1,0,0,0,1,0,0,1,1,0
43,43,New,1,0,0,0,0,1,1,1,1,0,0
45,43,New,0,0,0,0,0,1,1,1,1,0,1
46,44,New,0,1,0,0,0,1,0,0,0,1,0
54,44,New,0,1,0,0,0,1,1,0,1,0,0
46,44,New,1,1,1,0,0,1,0,1,0,0,0
44,44,New,0,0,0,0,0,1,0,0,0,1,0
47,45,New,0,0,0,0,0,1,1,1,1,1,1
47,46,New,0,0,0,0,0,1,0,1,1,0,1
49,47,New,0,1,0,0,0,1,0,1,0,1,0
49,48,New,0,1,0,0,0,1,1,1,0,0,1
50,49,New,0,1,0,0,0,1,0,1,1,0,1
50,50,New,0,0,1,0,0,1,0,0,0,1,1
52,50,New,1,0,0,0,0,1,0,0,0,1,0
51,51,New,1,1,1,0,0,1,0,0,0,0,0
52,51,New,1,0,0,0,0,1,0,1,1,1,0
52,51,New,0,1,0,0,0,1,1,1,1,0,1
58,52,New,0,1,0,0,0,1,1,0,0,0,0
53,52,New,0,0,0,0,0,1,0,1,0,1,0
60,52,New,0,1,1,0,0,1,0,1,0,0,0
52,52,New,0,0,1,0,0,1,0,1,0,0,0
54,52,New,1,1,0,0,0,1,0,1,0,1,0
53,53,New,1,0,0,0,0,1,0,0,1,1,0
56,54,New,0,0,1,0,0,1,0,1,1,1,1
62,54,New,1,0,1,0,0,1,0,0,0,1,1
66,55,New,0,1,1,0,0,1,0,1,1,0,1
57,55,New,0,0,1,0,0,1,1,0,1,0,1
63,55,New,0,1,1,0,0,1,0,1,1,1,1
56,56,New,0,0,1,0,0,1,0,1,0,1,1
57,56,New,1,0,1,0,0,1,1,0,1,0,1
360,313,New,0,1,0,0,0,1,0,1,1,0,0
59,58,New,0,0,1,0,0,1,0,1,1,0,1
58,58,New,0,0,0,0,0,1,0,0,1,1,0
71,60,New,1,1,1,0,0,1,0,1,0,1,1
68,60,New,1,1,0,0,0,1,1,0,1,0,0
62,61,New,1,1,1,0,0,1,0,0,0,0,1
62,61,New,0,0,1,0,0,1,0,1,0,0,1
336,317,New,1,1,1,0,0,1,1,0,0,1,1
69,62,New,0,0,0,0,0,1,1,1,0,0,0
70,63,New,1,1,0,0,0,1,1,0,0,0,0
69,63,New,1,1,0,0,0,1,0,0,0,1,0
65,65,New,1,1,1,0,0,1,0,1,0,0,1
68,65,New,1,1,0,0,0,1,0,1,1,1,0
71,66,New,0,1,1,0,0,1,0,1,0,1,1
74,67,New,1,1,0,0,0,1,1,1,0,0,0
71,70,New,1,0,1,0,0,1,1,1,0,0,1
73,70,New,0,1,1,0,0,1,0,1,0,0,1
74,73,New,0,1,1,0,0,1,1,0,1,0,1
88,75,New,1,1,0,0,0,1,1,1,1,0,0
76,75,New,1,1,0,0,0,1,0,0,1,1,0
77,75,New,0,1,0,0,0,1,0,1,1,1,0
84,79,New,0,0,0,0,0,1,1,1,1,0,0
79,79,New,1,1,1,0,0,1,0,0,0,1,1
83,81,New,0,0,0,0,0,1,0,1,1,1,0
82,82,New,1,0,1,0,0,1,1,1,1,1,1
110,85,New,0,1,0,0,0,1,1,1,0,0,0
88,87,New,0,0,1,0,0,1,1,0,0,0,1
90,87,New,1,0,1,0,0,1,1,0,1,1,1
88,88,New,1,0,1,0,0,1,1,0,0,0,1
96,95,New,1,1,1,0,0,1,1,1,1,0,1
105,103,New,1,0,1,0,0,1,1,1,0,1,1
105,104,New,1,1,1,0,0,1,1,0,1,0,1
147,107,New,0,1,0,0,0,1,1,1,1,0,0
122,120,New,0,0,1,0,0,1,1,0,1,1,1
125,122,New,1,0,0,0,0,1,0,1,0,0,0
435,379,New,0,0,0,0,0,1,0,1,1,0,0
132,132,New,0,0,1,0,0,1,1,0,0,1,1
134,132,New,0,0,1,0,0,1,1,1,1,0,1
139,136,New,1,0,0,0,0,1,0,0,0,0,0
140,137,New,0,1,1,0,0,1,1,0,1,1,1
143,140,New,0,1,1,0,0,1,1,0,0,0,1
146,141,New,0,1,0,0,0,1,0,0,0,0,0
144,144,New,0,0,1,0,0,1,1,1,0,0,1
151,144,New,0,1,0,0,0,1,0,0,1,0,0
152,144,New,1,0,1,0,0,1,1,0,0,1,1
150,146,New,0,1,1,0,0,1,1,1,1,0,1
153,146,New,1,0,0,0,0,1,0,1,1,0,0
166,152,New,1,1,1,0,0,1,1,1,1,1,1
171,165,New,1,1,1,0,0,1,1,0,0,0,1
172,171,New,1,0,0,0,0,1,0,0,1,0,0
183,177,New,1,1,1,0,0,1,1,1,0,0,1
186,181,New,0,0,1,0,0,1,1,1,1,1,1
186,182,New,0,0,0,0,0,1,0,0,0,0,0
203,192,New,1,1,1,0,0,1,1,0,1,1,1
208,205,New,0,0,0,0,0,1,0,0,1,0,0
216,207,New,0,1,1,0,0,1,1,1,1,1,1
227,210,New,1,1,0,0,0,1,0,1,1,0,0
219,212,New,1,1,0,0,0,1,0,1,0,0,0
214,213,New,0,0,1,0,0,1,1,1,0,1,1
227,219,New,0,1,1,0,0,1,1,0,0,1,1
227,221,New,0,1,1,0,0,1,1,1,0,0,1
223,222,New,1,1,0,0,0,1,0,0,1,0,0
243,235,New,1,1,0,0,0,1,0,0,0,0,0
295,235,New,0,1,0,0,0,1,0,1,0,0,0
1,1,Old,1,1,1,0,1,0,1,0,0,0,0
1,1,Old,0,0,0,0,0,0,0,1,1,0,1
1,1,Old,1,1,1,1,0,1,0,1,1,0,0
1,1,Old,1,0,0,0,0,0,0,1,1,1,0
1,1,Old,0,1,0,0,0,0,1,1,0,0,1
1,1,Old,0,1,0,0,0,0,0,0,1,1,0
1,1,Old,0,1,1,0,1,0,0,0,0,1,1
1,1,Old,1,0,1,0,0,0,0,1,0,1,0
1,1,Old,1,1,1,1,1,1,0,1,1,0,0
1,1,Old,1,1,1,0,0,0,0,0,0,0,0
1,1,Old,1,0,1,0,0,0,1,1,1,0,1
1,1,Old,1,0,1,0,0,0,1,1,0,0,0
1,1,Old,1,1,0,1,0,1,0,1,1,1,0
1,1,Old,1,1,1,1,1,1,1,1,0,0,0
1,1,Old,0,1,1,0,0,0,0,1,1,1,0
1,1,Old,1,0,1,0,1,0,0,0,1,0,1
1,1,Old,1,1,1,0,1,0,0,0,0,0,0
1,1,Old,1,1,1,1,0,1,1,1,1,0,0
1,1,Old,1,1,1,0,0,0,1,1,1,0,1
1,1,Old,0,0,0,0,0,0,1,0,1,1,0
1,1,Old,1,1,1,0,0,0,1,0,0,1,0
1,1,Old,0,0,1,0,1,0,0,1,0,0,0
1,1,Old,1,0,0,0,0,0,1,1,1,1,0
1,1,Old,0,0,0,0,0,0,0,0,0,0,1
1,1,Old,0,1,1,0,1,0,0,1,0,1,0
1,1,Old,1,1,1,0,0,0,1,1,1,1,1
1,1,Old,0,0,1,0,0,0,1,0,1,1,1
1,1,Old,1,1,1,1,0,0,1,1,1,0,0
1,1,Old,1,0,1,0,1,0,0,0,1,1,0
1,1,Old,0,1,1,0,0,0,1,1,0,0,0
1,1,Old,0,0,0,0,0,0,0,1,0,0,0
1,1,Old,0,1,1,0,0,0,0,0,0,0,0
1,1,Old,1,0,1,0,0,0,1,1,0,0,1
1,1,Old,1,0,1,0,1,0,0,0,0,1,0
1,1,Old,1,1,1,0,0,0,0,0,1,0,0
1,1,Old,1,1,0,0,0,0,1,1,1,0,0
1,1,Old,1,0,0,0,0,0,0,0,1,1,0
1,1,Old,0,1,0,0,0,0,1,0,0,1,0
1,1,Old,1,1,0,0,0,0,1,0,0,0,1
1,1,Old,0,0,1,0,0,0,0,1,1,0,1
1,1,Old,1,1,1,1,1,1,0,1,0,0,1
1,1,Old,0,0,1,0,1,0,0,1,1,1,0
1,1,Old,1,0,0,0,0,0,1,1,0,1,1
1,1,Old,0,1,1,0,0,0,0,0,1,1,1
1,1,Old,1,0,0,0,0,0,0,0,1,0,0
1,1,Old,0,0,1,0,1,0,1,0,0,0,0
1,1,Old,0,1,0,0,0,0,1,0,1,0,0
1,1,Old,1,1,0,0,0,0,1,1,0,1,1
1,1,Old,1,1,1,1,0,1,0,1,1,1,0
1,1,Old,0,1,0,0,0,0,0,0,0,1,0
1,1,Old,0,0,1,0,0,0,0,0,1,1,1
1,1,Old,1,0,0,0,0,0,1,1,1,1,1
1,1,Old,1,1,1,1,0,1,1,1,1,1,0
1,1,Old,0,1,0,0,0,0,0,0,0,1,1
1,1,Old,1,0,1,0,0,0,0,0,0,1,1
1,1,Old,0,1,0,0,0,0,1,1,0,1,1
1,1,Old,1,0,0,0,0,0,1,0,1,0,0
1,1,Old,0,0,1,0,0,0,0,0,0,1,0
1,1,Old,1,1,0,0,0,0,0,0,0,1,0
1,1,Old,1,1,0,0,0,0,0,0,1,0,0
1,1,Old,0,1,0,0,0,0,0,0,0,0,0
1,1,Old,0,1,1,0,1,0,0,0,0,0,0
1,1,Old,0,1,1,0,1,0,0,0,1,0,1
1,1,Old,1,0,0,0,0,0,0,1,0,0,0
1,1,Old,0,1,1,0,1,0,0,1,1,1,1
1,1,Old,1,1,1,0,0,0,0,0,0,1,1
1,1,Old,1,1,1,0,0,0,0,1,0,1,1
1,1,Old,0,0,1,0,0,0,1,0,0,0,1
1,1,Old,0,0,0,0,0,0,1,0,1,0,1
1,1,Old,1,0,1,0,1,0,0,1,1,1,1
1,1,Old,0,0,1,0,1,0,1,1,1,0,0
1,1,Old,1,1,0,0,0,0,1,0,0,0,0
1,1,Old,1,0,0,0,0,0,1,1,0,0,1
1,1,Old,0,0,1,0,1,0,0,0,1,0,0
1,1,Old,1,1,1,0,0,0,0,1,0,0,1
1,1,Old,1,1,1,0,1,0,0,0,0,1,0
1,1,Old,1,0,1,0,0,0,0,0,1,0,0
1,1,Old,0,1,1,0,1,0,0,1,1,0,0
1,1,Old,0,1,1,0,0,0,1,0,0,1,1
1,1,Old,1,0,1,0,0,0,1,0,1,0,0
1,1,Old,1,0,0,0,0,0,1,1,0,1,0
1,1,Old,1,0,1,0,1,0,1,1,1,1,0
1,1,Old,1,0,1,0,1,0,0,1,1,0,0
1,1,Old,1,1,1,0,1,0,1,0,1,0,1
1,1,Old,1,1,0,0,0,0,1,1,1,1,1
1,1,Old,1,0,1,0,0,0,1,0,1,1,1
1,1,Old,0,1,0,0,0,0,0,1,0,0,0
1,1,Old,1,1,1,1,1,1,1,1,1,0,0
1,1,Old,0,1,0,0,0,0,1,0,0,0,0
1,1,Old,0,1,0,0,0,0,0,0,0,0,1
1,1,Old,0,0,0,0,0,0,1,1,1,1,0
1,1,Old,1,1,0,0,0,0,1,0,1,0,0
1,1,Old,0,0,1,0,1,0,1,0,1,1,1
1,1,Old,0,1,1,0,0,0,1,1,0,0,1
1,1,Old,0,0,0,0,0,0,0,0,0,1,0
1,1,Old,0,1,1,0,0,0,0,0,0,1,1
1,1,Old,0,0,1,0,1,0,0,0,0,0,0
1,1,Old,0,0,0,0,0,0,0,1,1,1,0
1,1,Old,0,1,1,0,0,0,0,1,1,0,1
1,1,Old,1,1,1,1,0,1,1,0,0,1,1
1,1,Old,1,1,1,0,0,0,1,1,0,1,1
1,1,Old,1,1,0,0,0,0,1,0,1,0,1
1,1,Old,0,0,1,0,0,0,1,1,0,0,1
1100,1025,Old,0,1,1,0,0,1,1,1,1,1,1
2,2,Old,0,0,1,0,0,0,0,1,0,0,0
2,2,Old,0,0,0,0,0,0,1,1,1,1,1
2,2,Old,0,0,1,0,0,0,0,1,1,0,0
2,2,Old,1,0,0,0,0,0,0,0,0,1,0
2,2,Old,1,1,1,1,1,1,0,1,1,0,1
2,2,Old,1,0,1,0,0,0,0,0,0,0,0
2,2,Old,0,0,1,0,0,0,0,0,1,1,0
2,2,Old,1,0,1,0,0,0,1,0,0,0,1
2,2,Old,0,0,0,0,0,0,1,0,1,0,0
2,2,Old,0,1,1,0,1,0,1,0,1,1,1
2,2,Old,1,0,1,0,0,0,1,1,1,1,1
2,2,Old,0,1,0,0,0,0,0,0,1,0,0
2,2,Old,1,1,0,0,0,0,1,1,0,0,1
2,2,Old,1,1,1,1,1,1,1,1,0,1,0
2,2,Old,0,0,1,0,1,0,0,1,1,1,1
3,2,Old,1,1,1,1,1,1,1,1,1,1,1
2,2,Old,0,0,0,0,0,0,0,1,0,1,0
2,2,Old,0,0,1,0,0,0,1,1,1,0,1
2,2,Old,1,0,1,0,0,0,1,0,0,1,1
3,2,Old,1,1,1,1,0,1,1,1,0,1,0
2,2,Old,1,1,1,0,0,0,1,0,1,1,1
2,2,Old,1,1,1,0,0,0,1,0,0,1,1
2,2,Old,1,0,0,0,0,0,0,1,0,1,0
2,2,Old,0,0,1,0,1,0,1,1,0,0,1
2,2,Old,1,1,1,0,1,0,0,0,1,0,1
2,2,Old,0,0,1,0,0,0,1,1,1,1,1
2,2,Old,1,1,1,0,0,0,1,0,0,0,1
2,2,Old,1,1,0,1,0,1,1,1,1,1,0
2,2,Old,1,1,1,0,0,0,0,1,1,1,0
2,2,Old,1,0,1,0,0,0,0,0,0,0,1
2,2,Old,1,1,0,0,0,0,0,1,1,0,1
2,2,Old,1,1,0,0,0,0,1,0,0,1,0
2,2,Old,1,1,0,0,0,0,0,1,0,0,0
3,3,Old,0,0,0,0,0,0,0,0,0,0,0
3,3,Old,1,1,1,0,0,0,0,1,0,0,0
3,3,Old,0,1,1,0,0,0,1,1,1,1,1
3,3,Old,0,0,0,0,0,0,0,1,1,1,1
3,3,Old,1,1,1,1,0,1,1,1,1,0,1
3,3,Old,0,1,0,0,0,0,1,1,1,0,0
3,3,Old,1,1,1,1,0,1,0,1,1,1,1
12,3,Old,1,1,0,1,0,1,0,1,0,0,1
3,3,Old,1,1,0,1,0,1,1,1,1,0,1
15,3,Old,1,1,1,1,0,1,0,1,0,1,0
3,3,Old,1,1,1,0,0,0,1,1,0,0,1
3,3,Old,1,1,1,1,1,1,1,1,1,1,0
3,3,Old,1,1,1,1,0,1,0,1,1,0,1
3,3,Old,0,1,1,0,0,0,1,0,0,0,1
5,4,Old,1,1,1,1,1,1,0,1,0,1,1
4,4,Old,1,1,0,0,0,0,0,0,1,1,0
4,4,Old,0,0,0,0,0,0,1,1,1,0,0
15,4,Old,1,1,0,1,0,1,1,1,0,1,0
4,4,Old,1,1,0,1,0,1,1,1,1,1,1
4,4,Old,1,1,1,1,1,1,1,1,1,0,1
275,260,Old,1,0,1,0,0,1,1,1,0,0,1
838,772,Old,1,1,0,0,0,1,0,1,0,0,0
6,5,Old,1,1,1,1,1,1,0,1,0,0,0
5,5,Old,0,1,1,0,0,0,1,1,1,0,1
7,5,Old,1,1,1,1,1,1,1,1,0,0,1
5,5,Old,1,1,0,0,0,0,0,1,1,0,0
12,5,Old,1,1,0,1,0,1,0,1,0,1,1
5,5,Old,1,1,0,0,0,0,0,0,0,0,0
5,5,Old,0,1,1,0,0,0,1,1,0,1,1
5,5,Old,0,1,0,0,0,0,0,1,1,0,0
16,5,Old,1,1,0,1,0,1,1,1,0,0,1
5,5,Old,0,0,0,0,0,0,0,0,1,0,0
9,6,Old,1,1,0,1,0,1,0,1,0,1,0
11,6,Old,1,1,1,1,0,1,0,1,0,0,1
6,6,Old,1,1,0,1,0,1,0,1,1,0,0
11,6,Old,1,1,1,1,0,1,1,1,0,0,0
23,6,Old,1,1,0,1,0,1,1,1,0,1,1
280,262,Old,1,0,1,0,0,1,0,0,0,1,1
1151,1030,Old,0,1,0,0,0,1,0,1,1,0,0
11,7,Old,1,1,1,1,1,1,1,1,0,1,1
7,7,Old,1,0,0,0,0,0,0,0,0,0,0
25,7,Old,1,1,1,1,0,1,0,1,0,0,0
8,7,Old,1,0,0,0,0,0,0,1,1,0,0
270,263,Old,0,0,0,0,0,1,0,1,0,1,0
9,9,Old,0,0,0,0,0,0,0,1,1,0,0
14,9,Old,1,1,0,1,0,1,1,1,1,0,0
18,11,Old,1,1,0,1,0,1,1,1,0,0,0
12,11,Old,1,1,1,1,0,1,1,1,1,1,1
21,12,Old,1,1,1,1,0,1,1,1,0,0,1
21,12,Old,1,1,0,1,0,1,0,1,0,0,0
25,12,Old,1,1,1,1,0,1,0,1,0,1,1
290,268,Old,1,1,1,0,0,1,0,1,0,1,1
290,269,Old,0,1,1,0,0,1,0,1,1,1,1
16,16,Old,0,1,1,0,1,1,1,0,1,1,0
287,272,Old,1,1,0,0,0,1,1,0,0,0,0
18,18,Old,0,1,1,0,1,1,1,0,1,0,0
19,19,Old,1,0,1,0,1,1,1,1,1,1,0
19,19,Old,1,0,1,0,1,1,0,1,1,0,1
21,20,Old,1,0,1,0,0,1,1,1,1,1,0
849,790,Old,1,1,1,0,0,1,1,1,1,1,1
23,23,Old,0,0,1,0,1,1,1,0,1,1,0
25,24,Old,1,0,0,0,0,1,0,1,0,0,1
846,792,Old,1,1,0,0,0,1,0,1,1,0,0
26,26,Old,0,0,1,0,1,1,1,1,1,1,0
571,539,Old,0,0,1,0,0,1,1,0,1,1,1
28,28,Old,1,0,1,0,1,1,1,0,1,0,0
28,28,Old,1,0,1,0,1,1,1,0,1,1,0
28,28,Old,0,0,1,0,1,1,1,0,0,1,0
28,28,Old,0,0,1,0,0,1,1,0,1,1,0
29,28,Old,1,0,1,0,1,1,0,1,0,0,1
296,284,Old,0,1,1,0,0,1,1,0,1,0,1
49,30,Old,1,1,1,1,0,1,1,1,0,1,1
31,30,Old,1,0,1,0,1,1,1,1,1,0,0
33,30,Old,1,0,1,0,1,1,0,0,1,0,1
32,30,Old,0,0,1,0,1,1,1,0,1,0,0
343,286,Old,0,1,0,0,0,1,1,1,1,0,0
31,31,Old,1,0,1,0,1,1,1,1,0,1,0
32,31,Old,1,1,1,0,1,1,1,1,1,1,0
584,543,Old,0,1,0,0,0,1,0,0,1,0,0
33,32,Old,0,1,1,0,0,1,1,0,1,1,0
33,33,Old,0,1,1,0,1,1,1,0,0,1,0
33,33,Old,1,0,1,0,1,1,0,1,0,1,1
34,33,Old,1,0,1,0,1,1,1,1,0,0,1
44,33,Old,1,0,1,0,1,1,0,1,1,1,1
33,33,Old,1,0,1,0,0,1,1,0,1,1,0
35,34,Old,1,0,1,0,0,1,0,1,1,1,0
34,34,Old,0,0,1,0,1,1,1,1,0,1,0
36,34,Old,0,1,1,0,1,1,1,0,0,0,0
308,290,Old,0,0,1,0,0,1,0,1,0,1,1
35,35,Old,0,1,0,0,0,1,0,0,0,0,1
36,35,Old,0,0,1,0,1,1,0,0,0,0,1
36,36,Old,1,0,1,0,1,1,0,1,1,1,0
36,36,Old,1,1,1,0,1,1,0,1,1,0,1
37,37,Old,1,1,1,0,1,1,1,0,1,1,0
37,37,Old,0,0,0,0,0,1,0,0,0,0,1
39,38,Old,1,0,1,0,0,1,1,1,1,0,0
38,38,Old,0,1,1,0,0,1,1,0,1,0,0
348,294,Old,0,1,0,0,0,1,1,1,0,0,0
43,39,Old,0,0,1,0,0,1,1,1,1,1,0
40,39,Old,0,0,1,0,1,1,0,0,0,1,1
39,39,Old,1,0,0,0,0,1,0,1,0,1,1
41,40,Old,1,1,1,0,1,1,0,1,0,1,1
43,40,Old,1,1,1,0,0,1,1,0,1,1,0
41,40,Old,0,1,1,0,1,1,0,0,0,0,1
40,40,Old,1,0,1,0,1,1,0,0,0,1,1
312,296,Old,0,1,0,0,0,1,0,1,1,1,0
311,296,Old,0,0,1,0,0,1,1,0,1,0,1
53,41,Old,0,0,1,0,1,1,0,0,1,0,1
44,42,Old,0,0,1,0,1,1,0,0,1,1,1
59,43,Old,0,0,1,0,0,1,1,0,1,0,0
45,43,Old,0,1,1,0,1,1,1,1,0,1,0
45,43,Old,1,0,1,0,0,1,1,0,1,0,0
46,44,Old,0,1,1,0,1,1,0,0,1,0,1
49,44,Old,1,0,0,0,0,1,1,1,0,0,1
321,300,Old,1,1,0,0,0,1,0,0,1,1,0
46,46,Old,1,1,1,0,0,1,1,1,1,1,0
47,46,Old,0,1,1,0,0,1,1,1,1,1,0
49,46,Old,1,0,0,0,0,1,0,0,0,0,1
46,46,Old,0,0,1,0,1,1,1,0,0,0,0
46,46,Old,0,1,1,0,1,1,0,0,0,1,1
47,46,Old,0,1,1,0,1,1,0,0,0,1,0
47,46,Old,1,1,1,0,1,1,0,1,1,1,0
46,46,Old,0,1,1,0,1,1,0,0,1,1,0
337,302,Old,0,1,1,0,0,1,0,1,0,1,1
47,47,Old,1,0,0,0,0,1,0,0,0,1,1
48,47,Old,1,1,1,0,1,1,1,1,0,1,0
48,47,Old,1,0,1,0,1,1,0,0,1,1,1
50,48,Old,1,1,1,0,1,1,1,0,1,0,0
49,48,Old,1,0,1,0,1,1,0,0,0,0,1
51,48,Old,1,1,1,0,1,1,0,0,1,1,1
49,48,Old,1,1,1,0,1,1,1,1,1,0,0
888,816,Old,1,1,1,0,0,1,1,0,1,1,1
49,49,Old,1,1,1,0,1,1,0,1,1,1,1
51,49,Old,0,0,1,0,1,1,0,0,1,1,0
50,49,Old,1,0,1,0,1,1,1,1,0,0,0
51,49,Old,1,1,1,0,1,1,1,0,0,1,0
52,50,Old,1,1,1,0,0,1,0,1,1,1,0
52,52,Old,0,1,1,0,1,1,1,0,1,0,1
52,52,Old,0,1,1,0,1,1,1,1,1,1,0
53,52,Old,1,0,1,0,1,1,1,1,1,0,1
53,52,Old,1,0,1,0,1,1,1,0,0,1,0
586,564,Old,1,0,1,0,0,1,1,1,0,1,1
54,53,Old,1,0,1,0,1,1,1,0,0,0,0
65,53,Old,1,0,1,0,1,1,1,0,0,0,1
54,53,Old,1,0,1,0,1,1,0,1,0,1,0
58,53,Old,0,1,0,0,0,1,0,1,0,1,1
56,53,Old,0,0,1,0,0,1,1,0,0,1,0
54,53,Old,1,0,0,0,0,1,1,1,0,1,1
900,821,Old,1,1,0,0,0,1,0,0,1,0,0
55,55,Old,0,1,1,0,0,1,0,0,0,1,0
58,55,Old,1,1,0,0,0,1,0,1,0,0,1
57,55,Old,0,1,1,0,0,1,0,0,1,1,0
55,55,Old,1,0,0,0,0,1,0,1,1,0,1
1487,1335,Old,0,1,1,0,0,1,1,1,0,1,1
57,56,Old,1,0,1,0,1,1,1,0,1,0,1
57,56,Old,1,1,1,0,1,1,0,0,1,0,1
68,56,Old,0,0,1,0,1,1,1,1,1,0,0
56,56,Old,1,0,1,0,0,1,1,1,0,1,0
59,57,Old,1,1,1,0,1,1,0,1,0,0,1
61,57,Old,0,1,1,0,1,1,0,1,0,1,1
57,57,Old,0,0,1,0,1,1,1,0,0,0,1
60,58,Old,1,1,1,0,0,1,1,0,1,0,0
60,58,Old,0,0,1,0,0,1,0,0,1,1,0
59,58,Old,0,1,1,0,1,1,0,0,1,1,1
58,58,Old,1,1,1,0,1,1,0,0,0,0,1
59,58,Old,0,0,1,0,1,1,0,1,0,0,1
72,59,Old,0,0,1,0,1,1,1,1,0,0,0
62,59,Old,0,0,0,0,0,1,0,0,0,1,1
64,59,Old,0,1,1,0,1,1,0,1,0,0,1
61,60,Old,0,1,1,0,1,1,1,0,0,0,1
61,60,Old,1,1,1,0,1,1,0,0,1,1,0
62,60,Old,1,0,1,0,0,1,1,1,0,0,0
61,60,Old,1,0,1,0,1,1,0,1,1,0,0
61,60,Old,0,0,1,0,0,1,1,1,1,0,0
62,61,Old,1,0,1,0,1,1,1,1,0,1,1
342,317,Old,1,0,0,0,0,1,0,0,0,1,0
63,62,Old,1,0,0,0,0,1,1,1,1,0,1
65,62,Old,1,1,0,0,0,1,0,0,0,0,1
63,62,Old,0,0,1,0,0,1,1,1,0,1,0
64,62,Old,1,1,1,0,1,1,0,1,0,1,0
68,62,Old,1,0,0,0,0,1,1,1,0,1,0
76,63,Old,0,1,1,0,1,1,1,1,1,0,0
78,63,Old,0,0,0,0,0,1,0,1,0,0,1
67,64,Old,1,1,0,0,0,1,0,0,0,1,1
65,64,Old,0,1,0,0,0,1,0,0,0,1,1
346,320,Old,0,0,0,0,0,1,0,0,1,1,0
883,832,Old,1,0,0,0,0,1,0,0,1,0,0
67,65,Old,1,0,1,0,1,1,0,0,1,1,0
66,65,Old,1,0,0,0,0,1,0,1,1,1,1
65,65,Old,0,1,0,0,0,1,1,0,0,1,0
71,66,Old,0,1,1,0,1,1,0,1,1,1,0
70,66,Old,0,0,1,0,1,1,0,1,0,1,0
71,66,Old,0,0,1,0,1,1,0,1,1,1,1
67,67,Old,0,1,1,0,1,1,0,1,0,1,0
68,67,Old,1,0,0,0,0,1,1,0,0,0,1
75,67,Old,1,1,1,0,0,1,1,1,1,0,0
68,67,Old,0,0,1,0,1,1,1,0,1,0,1
69,67,Old,0,1,0,0,0,1,0,0,1,1,1
67,67,Old,0,0,1,0,1,1,0,1,0,1,1
68,67,Old,0,1,1,0,1,1,0,0,1,0,0
67,67,Old,0,1,1,0,1,1,0,1,1,0,1
900,835,Old,1,0,1,0,0,1,1,0,0,1,1
68,68,Old,1,0,1,0,0,1,0,0,1,1,0
71,68,Old,1,1,0,0,0,1,0,1,1,0,1
70,68,Old,0,0,1,0,1,1,0,0,0,1,0
77,69,Old,0,1,1,0,0,1,1,1,1,0,0
72,69,Old,0,1,1,0,0,1,1,0,0,0,0
72,69,Old,0,1,1,0,0,1,0,0,1,0,0
71,69,Old,0,0,1,0,1,1,0,1,1,1,0
69,69,Old,1,0,1,0,0,1,0,1,1,0,0
71,69,Old,0,1,0,0,0,1,0,0,1,0,1
71,70,Old,0,1,1,0,0,1,0,1,1,1,0
74,70,Old,0,0,0,0,0,1,0,1,0,1,1
77,71,Old,1,1,0,0,0,1,0,1,0,1,1
73,71,Old,1,0,1,0,1,1,1,1,1,1,1
83,71,Old,1,0,0,0,0,1,0,0,1,0,1
76,72,Old,0,1,0,0,0,1,1,0,0,0,1
76,72,Old,1,1,1,0,1,1,0,0,0,1,1
612,584,Old,1,0,0,0,0,1,0,1,0,0,0
73,73,Old,0,0,0,0,0,1,1,0,0,1,1
74,73,Old,1,1,1,0,0,1,0,0,1,1,0
88,73,Old,0,0,1,0,0,1,1,0,0,0,0
74,74,Old,1,0,1,0,0,1,1,0,0,1,0
77,74,Old,1,1,0,0,0,1,0,1,1,1,1
83,75,Old,0,1,0,0,0,1,1,0,0,1,1
77,75,Old,0,1,0,0,0,1,1,0,1,1,0
76,75,Old,0,0,0,0,0,1,1,0,0,0,1
81,75,Old,0,1,1,0,1,1,1,1,0,0,0
76,75,Old,1,0,0,0,0,1,1,0,1,0,1
78,76,Old,0,0,0,0,0,1,0,0,1,1,1
79,77,Old,1,0,1,0,0,1,0,1,0,1,0
78,77,Old,1,0,1,0,0,1,0,1,1,0,1
80,77,Old,0,1,1,0,0,1,1,0,0,1,0
78,77,Old,0,1,1,0,1,1,0,1,1,1,1
85,78,Old,0,0,0,0,0,1,1,0,0,1,0
85,78,Old,0,1,0,0,0,1,0,1,0,0,1
894,846,Old,1,0,0,0,0,1,0,0,0,0,0
81,79,Old,1,0,0,0,0,1,1,0,0,1,1
82,79,Old,1,1,0,0,0,1,0,0,1,0,1
83,79,Old,1,1,1,0,1,1,1,0,0,0,0
83,80,Old,0,0,1,0,1,1,0,1,1,0,1
83,80,Old,1,0,1,0,0,1,1,0,0,0,0
94,81,Old,0,0,0,0,0,1,0,0,1,0,1
933,850,Old,0,1,0,0,0,1,0,1,0,0,0
86,84,Old,1,0,0,0,0,1,1,1,1,1,0
90,84,Old,1,0,0,0,0,1,1,1,1,1,1
84,84,Old,1,1,1,0,1,1,0,1,1,0,0
91,84,Old,0,0,1,0,0,1,1,1,0,0,0
86,84,Old,0,0,1,0,1,1,1,0,0,1,1
89,85,Old,1,0,0,0,0,1,0,0,1,1,1
85,85,Old,1,1,0,0,0,1,0,0,1,1,1
85,85,Old,1,0,1,0,1,1,0,1,0,0,0
87,85,Old,1,0,1,0,1,1,1,0,0,1,1
89,86,Old,1,0,1,0,0,1,0,0,1,0,0
91,86,Old,1,1,1,0,1,1,1,1,0,0,1
88,86,Old,0,1,1,0,1,1,1,0,0,1,1
375,342,Old,1,0,0,0,0,1,0,0,1,1,0
90,87,Old,1,1,1,0,0,1,1,1,0,1,0
367,343,Old,0,0,1,0,0,1,1,0,0,0,1
640,599,Old,0,1,1,0,0,1,1,0,1,1,1
92,88,Old,1,1,1,0,1,1,1,1,0,0,0
102,88,Old,1,0,0,0,0,1,1,0,1,1,0
92,88,Old,0,1,1,0,1,1,0,0,0,0,0
91,88,Old,1,0,1,0,0,1,0,0,1,0,1
90,89,Old,1,1,1,0,1,1,1,0,1,0,1
89,89,Old,1,1,1,0,0,1,0,0,1,0,0
92,90,Old,1,0,1,0,1,1,1,0,1,1,1
94,91,Old,0,0,1,0,1,1,0,0,1,0,0
92,91,Old,0,0,1,0,1,1,1,0,1,1,1
93,91,Old,0,1,1,0,0,1,1,1,0,1,0
105,92,Old,0,1,1,0,0,1,0,1,0,1,0
361,348,Old,1,1,1,0,0,1,1,1,1,0,1
98,93,Old,0,1,0,0,0,1,1,0,1,1,1
97,94,Old,0,0,1,0,1,1,1,1,0,0,1
95,94,Old,1,1,1,0,1,1,0,0,1,0,0
106,94,Old,0,0,1,0,0,1,0,0,1,0,0
95,94,Old,0,1,0,0,0,1,1,1,0,1,0
96,94,Old,0,1,1,0,1,1,1,0,1,1,1
365,350,Old,0,0,0,0,0,1,1,1,1,0,0
96,95,Old,0,0,0,0,0,1,1,1,0,0,1
98,95,Old,0,0,0,0,0,1,1,0,1,1,0
100,96,Old,1,0,1,0,1,1,0,0,1,0,0
102,96,Old,1,1,1,0,1,1,1,1,0,1,1
1511,1376,Old,0,0,0,0,0,1,0,1,1,0,0
99,97,Old,0,1,0,0,0,1,1,0,1,0,1
376,354,Old,1,1,0,0,0,1,0,0,0,1,0
104,99,Old,1,0,1,0,1,1,0,0,0,1,0
108,99,Old,0,0,1,0,1,1,1,1,0,1,1
102,99,Old,1,1,1,0,0,1,0,1,1,0,0
100,100,Old,0,0,0,0,0,1,1,1,0,1,1
108,100,Old,0,1,1,0,1,1,0,1,1,0,0
101,100,Old,1,0,0,0,0,1,1,0,0,1,0
102,101,Old,1,0,1,0,0,1,0,1,0,0,1
106,101,Old,0,0,1,0,0,1,0,1,1,1,0
102,102,Old,1,1,1,0,1,1,1,1,1,0,1
366,359,Old,1,0,1,0,0,1,1,0,0,0,1
106,104,Old,1,1,1,0,1,1,0,0,0,1,0
378,361,Old,1,1,1,0,0,1,0,0,0,1,1
108,106,Old,0,1,1,0,1,1,1,1,0,0,1
109,106,Old,1,0,0,0,0,1,1,0,1,1,1
111,107,Old,1,1,1,0,1,1,1,0,0,0,1
110,107,Old,1,1,1,0,0,1,0,1,0,1,0
110,107,Old,0,0,0,0,0,1,1,1,0,1,0
113,107,Old,0,0,1,0,0,1,0,0,0,1,0
113,108,Old,0,1,0,0,0,1,0,1,1,1,1
113,108,Old,1,1,0,0,0,1,1,1,0,0,1
933,876,Old,1,1,0,0,0,1,0,0,0,0,0
113,109,Old,0,0,0,0,0,1,1,0,1,0,1
111,110,Old,0,1,1,0,0,1,0,0,1,0,1
415,367,Old,0,0,0,0,0,1,0,1,1,1,0
118,112,Old,1,1,0,0,0,1,1,0,1,0,1
117,112,Old,1,1,0,0,0,1,1,1,0,1,0
114,112,Old,0,0,1,0,1,1,0,0,0,0,0
115,113,Old,0,0,1,0,0,1,0,1,0,1,0
387,369,Old,1,1,1,0,0,1,1,0,1,0,1
121,114,Old,1,1,0,0,0,1,1,1,1,1,0
116,114,Old,1,1,1,0,1,1,1,0,1,1,1
115,114,Old,1,1,0,0,0,1,1,0,0,0,1
124,115,Old,1,1,1,0,0,1,1,1,0,0,0
121,115,Old,0,1,1,0,0,1,0,1,1,0,0
690,627,Old,1,1,1,0,0,1,1,1,0,0,1
923,884,Old,0,1,1,0,0,1,1,0,0,1,1
127,117,Old,1,1,0,0,0,1,1,1,0,1,1
119,118,Old,0,1,1,0,0,1,0,0,0,0,0
127,118,Old,1,1,1,0,0,1,1,0,0,1,0
123,121,Old,0,0,1,0,1,1,1,1,1,0,1
124,121,Old,0,1,1,0,1,1,1,1,0,1,1
664,633,Old,1,0,0,0,0,1,0,1,1,0,0
131,122,Old,0,1,0,0,0,1,1,1,0,0,1
137,123,Old,1,1,0,0,0,1,1,0,0,1,1
123,123,Old,0,0,0,0,0,1,0,1,1,1,1
972,891,Old,0,0,1,0,0,1,1,1,1,1,1
1546,1404,Old,1,1,1,0,0,1,1,0,0,1,1
133,125,Old,0,1,1,0,1,1,0,1,0,0,0
129,126,Old,0,0,1,0,0,1,0,0,1,0,1
142,128,Old,0,1,1,0,0,1,1,1,0,0,0
134,128,Old,0,0,1,0,0,1,0,1,1,0,0
130,129,Old,1,1,0,0,0,1,1,0,1,1,0
135,131,Old,1,1,0,0,0,1,1,1,1,0,1
135,132,Old,1,0,1,0,0,1,0,1,0,0,0
138,132,Old,0,0,0,0,0,1,1,0,1,1,1
139,133,Old,1,1,1,0,1,1,1,0,0,1,1
139,133,Old,1,0,0,0,0,1,1,1,0,0,0
138,134,Old,1,1,1,0,0,1,1,0,0,0,0
140,136,Old,1,1,1,0,1,1,1,1,1,1,1
148,137,Old,0,0,1,0,1,1,0,1,1,0,0
139,138,Old,1,0,1,0,1,1,0,0,0,0,0
156,140,Old,0,0,1,0,1,1,0,1,0,0,0
155,140,Old,0,1,0,0,0,1,1,1,0,1,1
143,140,Old,0,0,0,0,0,1,1,1,1,1,0
964,911,Old,0,0,0,0,0,1,0,0,1,0,0
145,144,Old,1,1,1,0,1,1,0,0,0,0,0
149,145,Old,1,1,1,0,0,1,0,1,1,0,1
146,145,Old,0,1,1,0,0,1,0,0,1,1,1
150,145,Old,1,0,1,0,0,1,0,1,1,1,1
149,145,Old,0,0,0,0,0,1,1,0,0,0,0
152,146,Old,0,1,0,0,0,1,1,1,1,1,0
162,146,Old,1,1,1,0,0,1,0,0,1,0,1
156,146,Old,0,1,0,0,0,1,0,1,1,0,1
995,915,Old,0,0,0,0,0,1,0,1,0,0,0
156,149,Old,1,0,1,0,0,1,0,0,0,1,0
157,153,Old,0,0,1,0,0,1,0,0,0,0,0
155,153,Old,1,1,1,0,0,1,0,0,0,1,0
157,154,Old,1,1,1,0,1,1,0,1,0,0,0
159,155,Old,0,1,1,0,1,1,1,1,1,0,1
165,155,Old,0,1,1,0,0,1,0,0,0,0,1
166,156,Old,0,0,0,0,0,1,0,1,1,0,1
1329,1180,Old,1,1,1,0,0,1,1,1,0,1,1
731,669,Old,1,1,1,0,0,1,1,0,0,0,1
163,158,Old,1,0,1,0,0,1,0,0,0,0,1
174,161,Old,0,1,0,0,0,1,0,0,0,1,0
166,161,Old,0,1,1,0,1,1,1,1,1,1,1
177,162,Old,0,1,1,0,0,1,0,1,0,0,0
167,163,Old,1,0,1,0,0,1,0,1,0,1,1
172,163,Old,1,0,1,0,0,1,0,0,1,1,1
170,164,Old,1,0,0,0,0,1,1,0,0,0,0
172,165,Old,1,1,1,0,0,1,0,0,1,1,1
169,165,Old,0,0,1,0,1,1,1,1,1,1,1
172,165,Old,1,1,0,0,0,1,1,0,1,1,1
172,166,Old,1,1,0,0,0,1,1,0,0,1,0
179,167,Old,1,1,1,0,0,1,0,1,0,0,0
171,168,Old,1,1,0,0,0,1,1,1,1,1,1
172,168,Old,0,1,0,0,0,1,1,0,0,0,0
168,168,Old,1,0,0,0,0,1,1,1,1,0,0
455,426,Old,1,0,1,0,0,1,1,1,1,1,1
179,171,Old,0,0,1,0,0,1,0,0,0,0,1
175,172,Old,1,0,0,0,0,1,0,1,0,1,0
183,173,Old,0,1,0,0,0,1,1,0,1,0,0
183,176,Old,1,1,1,0,0,1,0,1,1,1,1
189,180,Old,1,0,0,0,0,1,1,0,1,0,0
471,439,Old,0,1,1,0,0,1,1,0,0,0,1
198,185,Old,0,0,1,0,0,1,0,0,1,1,1
456,441,Old,0,1,0,0,0,1,0,0,0,0,0
198,187,Old,1,0,1,0,0,1,0,0,0,0,0
194,190,Old,0,1,0,0,0,1,0,0,1,1,0
200,191,Old,0,0,0,0,0,1,1,1,0,0,0
200,191,Old,1,1,1,0,0,1,0,1,0,0,1
767,703,Old,0,1,1,0,0,1,1,1,0,0,1
200,192,Old,0,1,1,0,0,1,0,1,1,0,1
202,193,Old,0,0,1,0,0,1,0,1,0,0,0
201,194,Old,0,0,0,0,0,1,1,1,1,0,1
207,198,Old,1,0,1,0,0,1,1,1,1,0,1
205,198,Old,0,0,1,0,0,1,0,1,1,0,1
207,199,Old,0,0,0,0,0,1,1,1,1,1,1
750,712,Old,0,0,0,0,0,1,0,0,0,0,0
210,201,Old,0,0,0,0,0,1,1,0,1,0,0
217,209,Old,0,0,1,0,0,1,0,1,0,0,1
214,210,Old,1,0,1,0,0,1,1,0,1,0,1
217,214,Old,0,0,0,0,0,1,0,0,0,1,0
226,216,Old,0,1,0,0,0,1,1,1,1,1,1
227,217,Old,1,1,1,0,0,1,0,0,0,0,0
808,731,Old,0,0,1,0,0,1,1,0,0,1,1
225,220,Old,0,1,1,0,0,1,0,0,0,1,1
230,223,Old,0,1,0,0,0,1,1,1,1,0,1
241,226,Old,0,1,0,0,0,1,0,1,0,1,0
506,483,Old,0,1,1,0,0,1,1,1,1,0,1
237,228,Old,1,1,0,0,0,1,1,0,1,0,0
237,229,Old,1,1,0,0,0,1,0,1,0,1,0
502,485,Old,0,0,1,0,0,1,1,1,1,0,1
247,234,Old,1,0,0,0,0,1,0,1,1,1,0
248,236,Old,1,1,0,0,0,1,0,1,1,1,0
261,238,Old,1,1,0,0,0,1,1,1,0,0,0
268,243,Old,0,0,1,0,0,1,0,0,0,1,1
526,499,Old,1,0,1,0,0,1,1,0,1,1,1
273,250,Old,1,1,0,0,0,1,1,1,1,0,0
258,250,Old,1,1,1,0,0,1,0,0,0,0,1
266,250,Old,0,0,1,0,0,1,0,1,1,1,1
525,507,Old,0,0,1,0,0,1,1,1,0,0,1
1112,1022,Old,0,0,1,0,0,1,1,1,0,1,1
273,255,Old,0,1,1,0,0,1,0,1,0,0,1
1,1,Medium,0,0,1,0,1,0,0,1,1,1,1
1,1,Medium,1,0,1,0,0,0,0,1,1,0,0
1,1,Medium,1,0,1,0,0,0,1,1,1,1,0
1,1,Medium,1,0,0,0,0,0,0,0,1,1,1
1,1,Medium,0,0,0,0,0,0,1,1,0,1,1
1,1,Medium,1,0,1,0,0,0,0,1,0,0,1
1,1,Medium,1,0,0,0,0,0,1,1,1,1,1
1,1,Medium,1,1,1,0,1,0,1,0,1,0,1
1,1,Medium,0,0,0,0,0,0,1,1,1,0,1
1,1,Medium,0,1,1,0,1,0,0,1,0,0,0
1,1,Medium,1,1,1,1,0,1,0,1,1,1,1
1,1,Medium,0,1,0,0,0,0,1,0,1,1,1
1,1,Medium,1,1,1,0,0,0,0,1,0,1,0
1,1,Medium,1,0,0,0,0,0,0,1,1,1,0
1,1,Medium,1,1,0,1,0,1,0,1,1,1,1
1,1,Medium,1,1,1,1,1,1,0,1,1,1,1
1,1,Medium,0,1,0,0,0,0,1,0,0,0,0
1,1,Medium,0,0,0,0,0,0,1,0,1,1,0
1,1,Medium,1,1,0,0,0,0,1,0,1,0,1
1,1,Medium,0,0,1,0,1,0,1,1,0,0,1
1,1,Medium,1,0,1,0,1,0,0,0,1,1,1
1,1,Medium,0,0,1,0,1,0,0,1,0,1,0
1,1,Medium,1,0,0,0,0,0,1,0,0,0,0
1,1,Medium,1,0,1,0,0,0,0,0,1,1,0
1,1,Medium,0,0,1,0,0,0,0,0,0,1,0
1,1,Medium,1,1,1,0,0,0,1,0,0,1,0
1,1,Medium,1,1,1,0,0,0,0,0,0,1,1
1,1,Medium,0,0,1,0,0,0,1,0,0,0,1
1,1,Medium,1,1,0,0,0,0,1,0,0,1,1
1,1,Medium,0,0,1,0,0,0,0,1,0,1,0
1,1,Medium,1,1,0,0,0,0,0,0,0,1,0
1,1,Medium,1,1,1,0,1,0,0,0,0,1,1
1,1,Medium,1,1,0,0,0,0,1,1,1,0,1
1,1,Medium,0,0,1,0,0,0,1,1,0,1,1
1,1,Medium,0,1,1,0,0,0,0,0,0,1,1
1,1,Medium,0,0,1,0,1,0,0,1,0,1,1
1,1,Medium,1,0,1,0,0,0,1,0,1,0,0
1,1,Medium,0,1,1,0,0,0,0,1,0,0,0
1,1,Medium,0,0,1,0,1,0,0,1,1,0,0
1,1,Medium,1,0,1,0,0,0,0,1,1,0,1
1,1,Medium,0,1,1,0,0,0,0,0,1,1,0
1,1,Medium,1,0,1,0,0,0,1,0,0,0,1
1,1,Medium,0,1,1,0,0,0,1,0,1,1,1
1,1,Medium,1,1,0,0,0,0,0,0,1,1,0
1,1,Medium,0,1,1,0,1,0,0,0,0,1,1
1,1,Medium,0,1,0,0,0,0,1,1,0,1,0
1,1,Medium,1,1,1,0,0,0,1,1,1,1,0
1,1,Medium,0,1,1,0,0,0,0,0,1,0,0
1,1,Medium,1,1,1,0,0,0,0,1,1,1,0
1,1,Medium,0,1,1,0,0,0,1,1,0,1,1
1,1,Medium,0,1,0,0,0,0,0,0,0,1,0
1,1,Medium,0,0,1,0,1,0,1,0,1,1,1
1,1,Medium,1,0,1,0,1,0,0,0,1,1,0
1,1,Medium,1,1,1,0,0,0,0,0,1,1,0
1,1,Medium,0,0,1,0,1,0,1,0,0,1,1
1,1,Medium,0,0,1,0,0,0,0,1,0,1,1
1,1,Medium,0,1,1,0,1,0,1,1,0,0,0
1,1,Medium,1,1,1,0,0,0,1,1,1,1,1
1,1,Medium,0,1,0,0,0,0,1,1,1,1,1
1,1,Medium,1,0,1,0,1,0,1,1,1,1,0
1,1,Medium,0,0,0,0,0,0,0,0,0,0,1
1,1,Medium,0,1,1,0,1,0,0,1,1,1,1
1,1,Medium,1,1,0,0,0,0,0,0,1,1,1
1,1,Medium,1,1,1,0,0,0,0,0,0,1,0
1,1,Medium,0,1,0,0,0,0,0,1,1,1,1
1,1,Medium,0,1,1,0,0,0,0,0,0,0,1
1,1,Medium,1,0,0,0,0,0,1,0,0,1,0
1,1,Medium,0,0,0,0,0,0,0,0,0,1,0
1,1,Medium,1,0,1,0,0,0,0,0,0,0,1
1,1,Medium,0,0,1,0,0,0,0,0,1,1,1
1,1,Medium,1,1,0,0,0,0,1,0,1,1,1
1,1,Medium,0,0,1,0,1,0,0,0,1,1,0
1,1,Medium,1,0,1,0,1,0,0,0,0,0,0
1,1,Medium,0,1,1,0,1,0,1,0,0,0,0
1,1,Medium,0,0,1,0,1,0,0,0,1,0,1
1,1,Medium,1,0,1,0,1,0,0,0,0,0,1
1,1,Medium,0,1,1,0,1,0,1,1,1,1,0
1,1,Medium,0,0,1,0,0,0,1,1,1,1,0
1,1,Medium,0,1,0,0,0,0,0,0,1,0,1
1,1,Medium,1,1,1,0,1,0,0,1,1,1,1
1,1,Medium,0,1,1,0,1,0,1,1,1,0,1
1,1,Medium,1,1,1,0,1,0,1,1,1,1,0
1,1,Medium,0,0,0,0,0,0,0,1,0,0,1
1,1,Medium,0,1,0,0,0,0,1,1,0,0,1
1,1,Medium,1,1,0,0,0,0,1,1,0,1,0
1,1,Medium,1,0,0,0,0,0,1,1,1,0,1
2,1,Medium,0,0,0,0,0,0,1,1,0,0,0
1,1,Medium,0,1,1,0,1,0,1,1,1,1,1
1,1,Medium,1,0,1,0,0,0,1,0,0,1,1
1,1,Medium,1,1,0,0,0,0,1,1,1,1,0
1,1,Medium,0,1,1,0,1,0,1,1,1,0,0
1,1,Medium,1,0,0,0,0,0,0,1,1,0,1
1,1,Medium,0,0,0,0,0,0,0,0,1,1,1
1,1,Medium,1,0,1,0,0,0,0,0,0,0,0
1,1,Medium,1,1,0,0,0,0,1,1,1,0,0
1,1,Medium,1,1,0,0,0,0,0,1,1,0,1
1,1,Medium,0,0,1,0,1,0,0,1,1,1,0
1,1,Medium,1,1,1,0,1,0,1,1,0,0,1
1,1,Medium,0,0,0,0,0,0,0,1,1,0,1
1,1,Medium,0,1,1,0,1,0,0,0,1,1,0
1,1,Medium,1,0,0,0,0,0,1,1,1,0,0
1,1,Medium,1,1,1,0,0,0,0,1,0,0,0
1,1,Medium,0,1,1,0,0,0,0,1,0,1,0
1,1,Medium,0,0,1,0,0,0,1,1,1,1,1
2,1,Medium,1,1,0,0,0,0,0,0,1,0,0
1,1,Medium,1,0,0,0,0,0,1,0,1,1,1
1,1,Medium,1,1,1,1,0,1,1,1,1,0,0
1,1,Medium,0,0,1,0,0,0,0,1,1,1,0
1,1,Medium,0,1,1,0,1,0,0,1,0,0,1
1,1,Medium,0,0,1,0,1,0,1,0,1,0,1
1,1,Medium,0,1,0,0,0,0,1,0,0,0,1
1,1,Medium,0,1,1,0,0,0,1,1,0,0,0
1,1,Medium,1,0,1,0,0,0,1,0,0,0,0
1,1,Medium,0,0,0,0,0,0,1,1,1,1,1
1,1,Medium,1,1,1,0,0,0,0,0,1,1,1
1,1,Medium,1,0,0,0,0,0,1,0,1,0,1
1,1,Medium,1,0,1,0,0,0,1,1,1,1,1
1,1,Medium,1,1,1,0,1,0,1,0,1,1,1
2,2,Medium,1,1,1,0,1,0,0,1,1,0,0
2,2,Medium,0,0,1,0,0,0,0,0,1,1,0
2,2,Medium,1,1,1,0,0,0,1,1,1,0,1
2,2,Medium,0,0,0,0,0,0,1,1,1,0,0
2,2,Medium,0,0,1,0,1,0,0,1,0,0,0
2,2,Medium,1,0,0,0,0,0,0,0,1,1,0
2,2,Medium,0,0,1,0,0,0,1,1,1,0,1
2,2,Medium,1,0,1,0,0,0,1,1,0,1,1
2,2,Medium,1,0,0,0,0,0,1,0,1,0,0
2,2,Medium,1,0,1,0,0,0,1,0,1,1,1
3,2,Medium,1,1,1,1,0,1,1,1,1,1,0
2,2,Medium,1,1,1,0,0,0,0,0,0,0,1
2,2,Medium,1,0,1,0,0,0,0,0,0,1,1
2,2,Medium,1,1,1,1,1,1,0,1,1,0,0
2,2,Medium,0,0,1,0,1,0,1,1,0,1,1
2,2,Medium,0,1,1,0,0,0,0,1,0,1,1
2,2,Medium,0,0,0,0,0,0,1,0,1,0,0
2,2,Medium,1,0,1,0,1,0,1,0,0,0,0
2,2,Medium,0,0,1,0,0,0,1,0,1,1,1
2,2,Medium,1,1,1,0,0,0,1,1,0,0,1
2,2,Medium,1,1,1,0,1,0,1,1,1,1,1
4,2,Medium,1,1,1,1,0,1,0,1,1,1,0
2,2,Medium,1,1,1,0,0,0,0,1,0,0,1
2,2,Medium,0,0,0,0,0,0,0,1,1,1,1
2,2,Medium,1,1,1,0,1,0,1,1,0,0,0
2,2,Medium,0,1,0,0,0,0,1,1,1,0,1
2,2,Medium,1,1,1,0,1,0,1,0,0,0,0
2,2,Medium,1,1,1,0,0,0,0,1,0,1,1
2,2,Medium,1,0,1,0,1,0,0,0,0,1,0
2,2,Medium,1,0,0,0,0,0,0,0,0,1,0
2,2,Medium,0,1,0,0,0,0,0,1,0,1,0
2,2,Medium,1,0,1,0,0,0,0,0,1,1,1
2,2,Medium,0,1,1,0,1,0,0,0,1,0,0
2,2,Medium,0,1,1,0,0,0,0,1,0,0,1
2,2,Medium,0,0,1,0,1,0,1,1,1,1,1
2,2,Medium,1,1,1,0,1,0,0,0,0,0,0
2,2,Medium,1,1,1,0,0,0,0,0,1,0,0
2,2,Medium,1,1,1,1,0,1,0,1,1,0,0
2,2,Medium,0,1,1,0,0,0,0,0,1,1,1
2,2,Medium,1,0,1,0,0,0,0,1,0,1,1
2,2,Medium,0,1,0,0,0,0,1,1,1,1,0
2,2,Medium,0,0,1,0,1,0,0,1,0,0,1
2,2,Medium,1,1,1,0,1,0,0,1,0,1,0
2,2,Medium,1,0,1,0,1,0,0,1,0,1,0
2,2,Medium,0,1,0,0,0,0,0,0,1,1,0
3,3,Medium,0,0,1,0,0,0,0,1,0,0,1
3,3,Medium,1,1,1,0,0,0,1,0,0,1,1
3,3,Medium,1,1,0,1,0,1,0,1,1,0,1
3,3,Medium,0,0,0,0,0,0,0,0,1,1,0
3,3,Medium,1,1,0,1,0,1,1,1,1,1,1
4,3,Medium,1,1,0,1,0,1,0,1,0,1,1
3,3,Medium,0,0,0,0,0,0,0,1,0,1,0
3,3,Medium,0,1,1,0,0,0,1,1,1,0,1
3,3,Medium,1,1,1,1,1,1,0,1,1,1,0
3,3,Medium,0,0,0,0,0,0,1,1,1,1,0
3,3,Medium,1,1,1,1,1,1,0,1,0,1,1
3,3,Medium,0,0,0,0,0,0,1,0,0,0,0
3,3,Medium,1,1,0,0,0,0,1,0,1,0,0
3,3,Medium,0,1,0,0,0,0,1,1,0,0,0
3,3,Medium,1,1,1,0,0,0,1,0,0,0,1
268,259,Medium,1,1,0,0,0,1,0,1,1,1,0
4,4,Medium,1,1,0,0,0,0,0,1,1,1,0
4,4,Medium,0,0,0,0,0,0,0,1,1,1,0
4,4,Medium,1,1,0,0,0,0,0,1,0,1,0
4,4,Medium,0,0,1,0,0,0,0,0,0,1,1
4,4,Medium,0,1,0,0,0,0,1,0,1,0,0
4,4,Medium,1,1,0,0,0,0,1,0,0,0,0
4,4,Medium,0,0,1,0,0,0,1,0,0,1,1
4,4,Medium,1,0,0,0,0,0,0,0,0,0,0
4,4,Medium,1,1,1,0,0,0,1,0,1,1,1
4,4,Medium,0,1,0,0,0,0,0,1,1,1,0
4,4,Medium,1,1,0,0,0,0,1,1,0,0,0
4,4,Medium,0,1,1,0,0,0,1,0,0,0,1
4,4,Medium,1,0,0,0,0,0,0,1,0,1,0
5,4,Medium,1,1,1,1,1,1,1,1,1,0,0
263,260,Medium,0,0,1,0,0,1,0,1,0,0,1
276,260,Medium,1,1,0,0,0,1,1,0,1,0,0
264,260,Medium,1,0,0,0,0,1,0,0,0,1,0
5,5,Medium,0,1,1,0,0,0,1,1,0,0,1
5,5,Medium,0,1,0,0,0,0,0,0,1,0,0
6,5,Medium,1,1,1,1,1,1,1,1,1,0,1
5,5,Medium,0,1,1,0,0,0,1,1,1,1,1
5,5,Medium,0,1,0,0,0,0,0,0,0,0,0
10,5,Medium,1,1,0,1,0,1,0,1,0,0,1
5,5,Medium,1,1,1,0,0,0,1,1,0,1,1
5,5,Medium,0,0,1,0,0,0,1,1,0,0,1
7,5,Medium,1,1,0,1,0,1,0,1,1,1,0
5,5,Medium,1,1,1,1,1,1,1,1,1,1,0
6,5,Medium,1,1,0,1,0,1,1,1,1,0,1
5,5,Medium,0,1,1,0,0,0,1,0,0,1,1
271,261,Medium,0,0,0,0,0,1,1,1,0,0,0
273,261,Medium,0,1,1,0,0,1,0,0,0,1,1
285,261,Medium,0,1,1,0,0,1,0,1,1,1,1
7,6,Medium,1,1,1,1,0,1,0,1,0,1,0
6,6,Medium,1,1,0,0,0,0,0,1,1,0,0
7,6,Medium,1,0,0,0,0,0,0,0,1,0,0
6,6,Medium,1,1,1,1,1,1,0,1,0,0,1
6,6,Medium,0,0,1,0,0,0,0,1,1,0,1
6,6,Medium,1,1,1,1,1,1,1,1,1,1,1
11,6,Medium,1,1,1,1,1,1,0,1,0,0,0
8,7,Medium,1,1,1,1,1,1,0,1,0,1,0
7,7,Medium,0,1,0,0,0,0,0,1,0,0,0
7,7,Medium,0,1,0,0,0,0,1,1,1,0,0
14,7,Medium,1,1,1,1,0,1,0,1,0,1,1
7,7,Medium,0,0,0,0,0,0,0,0,0,0,0
7,7,Medium,1,1,1,1,1,1,1,1,0,1,0
13,7,Medium,1,1,1,1,0,1,0,1,0,0,0
264,263,Medium,1,1,0,0,0,1,0,0,0,1,0
9,8,Medium,1,1,0,1,0,1,0,1,0,1,0
10,8,Medium,1,1,1,1,0,1,0,1,0,0,1
10,8,Medium,1,1,1,1,0,1,1,1,0,1,0
8,8,Medium,1,0,0,0,0,0,0,1,0,0,0
8,8,Medium,0,0,0,0,0,0,0,1,0,0,0
8,8,Medium,1,0,0,0,0,0,0,1,1,0,0
13,9,Medium,1,1,0,1,0,1,1,1,0,0,1
12,9,Medium,1,1,1,1,1,1,1,1,0,0,1
14,9,Medium,1,1,0,1,0,1,1,1,1,0,0
9,9,Medium,0,0,0,0,0,0,0,0,1,0,0
272,265,Medium,0,0,1,0,0,1,1,0,1,0,1
10,10,Medium,1,1,0,0,0,0,0,0,0,0,0
11,10,Medium,1,1,1,1,1,1,1,1,0,0,0
11,11,Medium,1,1,0,1,0,1,1,1,1,1,0
11,11,Medium,1,1,1,1,0,1,1,1,1,0,1
12,12,Medium,1,1,0,0,0,0,0,1,0,0,0
13,12,Medium,0,1,0,0,0,0,0,1,1,0,0
802,780,Medium,1,0,0,0,0,1,0,1,1,0,0
19,13,Medium,1,1,1,1,1,1,1,1,0,1,1
14,14,Medium,1,1,0,1,0,1,1,1,0,1,0
24,14,Medium,1,1,0,1,0,1,1,1,0,1,1
312,270,Medium,1,1,1,0,0,1,0,1,0,1,1
539,526,Medium,0,0,1,0,0,1,1,0,1,1,1
19,15,Medium,1,1,1,1,0,1,1,1,0,0,0
22,17,Medium,1,1,1,1,0,1,1,1,0,0,1
22,19,Medium,1,0,1,0,1,1,1,0,1,1,0
20,20,Medium,0,0,0,0,0,0,0,1,1,0,0
28,20,Medium,1,1,1,1,0,1,1,1,1,1,1
21,20,Medium,1,0,1,0,1,1,1,0,1,0,0
22,20,Medium,1,1,0,1,0,1,0,1,1,0,0
22,21,Medium,0,0,1,0,1,1,1,0,1,1,0
21,21,Medium,0,1,1,0,1,1,1,0,1,1,0
288,277,Medium,1,1,0,0,0,1,1,0,0,0,0
814,789,Medium,1,0,1,0,0,1,1,0,0,1,1
22,22,Medium,1,0,1,0,1,1,0,1,0,0,1
556,534,Medium,0,1,1,0,0,1,1,0,0,0,1
24,23,Medium,1,0,1,0,1,1,1,1,1,0,0
23,23,Medium,1,0,1,0,0,1,1,1,1,0,0
289,279,Medium,0,1,1,0,0,1,0,1,0,0,1
24,24,Medium,0,0,1,0,1,1,1,1,1,1,0
24,24,Medium,1,0,1,0,1,1,1,1,1,1,0
25,25,Medium,0,0,1,0,0,1,1,0,1,1,0
26,26,Medium,0,0,1,0,1,1,1,0,1,0,0
823,794,Medium,1,0,0,0,0,1,0,0,0,0,0
27,27,Medium,1,0,1,0,1,1,1,1,0,1,0
1446,1307,Medium,1,1,1,0,0,1,1,1,0,1,1
28,28,Medium,1,1,1,0,1,1,1,0,1,1,0
29,28,Medium,1,0,1,0,0,1,1,0,1,1,0
28,28,Medium,1,0,1,0,0,1,1,1,1,1,0
296,284,Medium,1,1,1,0,0,1,0,0,0,0,1
830,797,Medium,1,0,0,0,0,1,0,0,1,0,0
30,30,Medium,1,0,1,0,1,1,0,1,0,1,1
30,30,Medium,1,0,1,0,1,1,0,0,0,1,1
42,31,Medium,1,1,0,1,0,1,1,1,0,0,0
32,31,Medium,0,0,1,0,0,1,1,1,1,1,0
33,32,Medium,1,0,1,0,1,1,1,1,0,0,0
33,32,Medium,1,0,0,0,0,1,0,1,0,1,1
294,288,Medium,0,0,1,0,0,1,0,1,1,1,1
33,33,Medium,0,0,1,0,0,1,1,0,1,0,0
43,34,Medium,1,1,0,1,0,1,0,1,0,0,0
36,35,Medium,1,1,1,0,1,1,1,1,1,1,0
302,291,Medium,1,0,1,0,0,1,1,1,0,0,1
38,36,Medium,1,0,1,0,1,1,0,0,1,1,1
36,36,Medium,1,0,1,0,1,1,0,1,1,0,1
37,36,Medium,0,1,1,0,0,1,1,0,1,1,0
36,36,Medium,1,0,0,0,0,1,0,1,0,0,1
36,36,Medium,1,0,1,0,1,1,0,1,1,1,1
36,36,Medium,1,0,1,0,0,1,1,0,1,0,0
37,37,Medium,1,0,1,0,1,1,0,0,0,0,1
37,37,Medium,0,0,1,0,1,1,1,0,0,1,0
341,293,Medium,1,1,0,0,0,1,1,1,0,0,0
39,38,Medium,0,0,1,0,0,1,1,0,0,1,0
38,38,Medium,0,1,1,0,0,1,0,0,1,1,0
38,38,Medium,1,0,1,0,0,1,0,1,1,1,0
40,38,Medium,1,1,1,0,1,1,1,1,0,1,0
301,294,Medium,1,1,0,0,0,1,0,0,1,1,0
40,39,Medium,1,0,1,0,1,1,0,0,1,0,1
41,40,Medium,0,0,1,0,1,1,0,0,0,1,1
41,40,Medium,0,0,1,0,1,1,0,0,1,0,1
41,40,Medium,1,0,1,0,1,1,0,1,1,1,0
41,40,Medium,0,1,1,0,1,1,1,0,0,1,0
41,41,Medium,0,0,1,0,1,1,0,0,0,0,1
42,42,Medium,0,0,1,0,1,1,1,1,0,1,0
44,43,Medium,0,1,1,0,1,1,1,0,1,0,0
43,43,Medium,0,1,1,0,0,1,1,0,1,0,0
44,43,Medium,1,0,0,0,0,1,0,0,0,1,1
52,43,Medium,1,1,1,1,0,1,1,1,0,1,1
45,43,Medium,0,1,1,0,1,1,1,1,0,1,0
44,44,Medium,1,0,1,0,1,1,0,1,0,1,0
44,44,Medium,0,0,1,0,1,1,1,0,0,0,1
45,44,Medium,0,1,1,0,1,1,0,0,0,1,1
45,45,Medium,0,1,1,0,1,1,0,0,0,1,0
1674,1581,Medium,0,0,0,0,0,1,0,1,1,0,0
46,46,Medium,0,1,1,0,1,1,0,0,1,0,1
47,46,Medium,0,1,0,0,0,1,0,0,0,1,1
47,47,Medium,1,0,1,0,1,1,1,0,1,0,1
48,47,Medium,0,1,1,0,1,1,0,0,1,1,1
47,47,Medium,1,0,1,0,1,1,1,0,0,1,0
48,48,Medium,0,1,1,0,1,1,0,0,1,1,0
51,48,Medium,1,1,1,0,1,1,0,1,0,1,1
49,49,Medium,1,0,1,0,0,1,1,1,0,1,0
49,49,Medium,0,0,1,0,1,1,0,0,1,1,1
50,49,Medium,1,1,1,0,1,1,0,0,1,0,1
51,50,Medium,1,1,1,0,1,1,0,0,0,0,1
51,50,Medium,1,0,1,0,1,1,1,0,0,0,1
50,50,Medium,1,0,1,0,1,1,1,0,0,0,0
50,50,Medium,0,0,1,0,1,1,1,0,0,0,0
53,50,Medium,1,0,1,0,1,1,1,1,1,0,1
53,51,Medium,1,1,1,0,1,1,0,0,1,1,1
51,51,Medium,0,1,1,0,1,1,0,0,0,0,1
54,51,Medium,0,1,1,0,1,1,0,1,0,1,1
53,51,Medium,0,0,1,0,0,1,1,1,0,1,0
53,51,Medium,0,1,1,0,1,1,1,1,1,1,0
51,51,Medium,0,0,1,0,1,1,0,0,1,1,0
54,52,Medium,0,1,1,0,0,1,1,0,0,1,0
52,52,Medium,1,0,1,0,1,1,1,1,0,0,1
52,52,Medium,0,0,1,0,1,1,1,1,1,0,0
53,53,Medium,1,1,1,0,0,1,1,0,1,1,0
55,53,Medium,1,1,1,0,1,1,0,1,1,0,1
56,53,Medium,1,1,1,0,1,1,1,1,1,0,0
55,53,Medium,1,0,1,0,1,1,0,0,1,1,0
54,54,Medium,1,0,0,0,0,1,0,0,0,0,1
56,54,Medium,1,1,1,0,1,1,1,0,1,0,0
56,54,Medium,1,1,1,0,1,1,0,1,1,1,0
1169,1078,Medium,0,1,1,0,0,1,1,1,1,1,1
58,55,Medium,0,1,1,0,1,1,0,1,1,1,0
61,56,Medium,1,1,1,0,1,1,0,1,1,1,1
58,56,Medium,0,1,0,0,0,1,0,0,0,0,1
57,56,Medium,1,0,0,0,0,1,1,1,0,1,1
56,56,Medium,0,0,1,0,1,1,0,0,0,1,0
59,56,Medium,0,1,1,0,0,1,1,1,1,1,0
57,56,Medium,1,1,1,0,1,1,0,1,0,1,0
58,57,Medium,0,0,0,0,0,1,0,0,0,0,1
59,57,Medium,1,1,1,0,1,1,0,0,1,1,0
332,313,Medium,0,1,0,0,0,1,0,1,1,1,0
61,58,Medium,0,0,0,0,0,1,0,0,0,1,1
58,58,Medium,1,1,0,0,0,1,0,1,0,0,1
318,314,Medium,1,0,0,0,0,1,0,0,1,1,0
61,59,Medium,0,0,1,0,1,1,0,1,0,1,1
59,59,Medium,1,0,1,0,0,1,0,0,1,1,0
319,315,Medium,0,0,0,0,0,1,0,0,1,1,0
881,827,Medium,1,1,0,0,0,1,0,1,0,0,0
1134,1084,Medium,0,0,0,0,0,1,0,1,0,0,0
63,61,Medium,1,1,1,0,1,1,1,0,0,1,0
64,61,Medium,1,1,1,0,0,1,1,0,1,0,0
61,61,Medium,0,0,1,0,1,1,0,1,0,0,1
62,61,Medium,1,0,0,0,0,1,1,0,0,1,1
64,62,Medium,1,1,1,0,1,1,0,1,0,0,1
62,62,Medium,1,0,0,0,0,1,1,0,0,0,1
63,62,Medium,1,0,1,0,1,1,1,1,0,1,1
62,62,Medium,0,0,0,0,0,1,0,1,0,1,1
64,62,Medium,1,0,0,0,0,1,0,0,1,1,1
63,63,Medium,0,1,1,0,1,1,0,1,0,0,1
64,63,Medium,1,0,0,0,0,1,1,1,0,0,1
65,63,Medium,1,1,1,0,1,1,0,0,0,1,1
63,63,Medium,1,0,1,0,0,1,1,0,0,1,0
64,63,Medium,1,0,0,0,0,1,0,1,1,0,1
330,319,Medium,0,0,0,0,0,1,1,1,1,0,0
71,64,Medium,0,1,1,0,0,1,0,1,1,1,0
65,64,Medium,1,0,1,0,0,1,0,1,1,0,0
67,65,Medium,0,0,1,0,1,1,1,1,0,0,0
65,65,Medium,1,1,0,0,0,1,0,0,0,0,1
65,65,Medium,0,1,0,0,0,1,0,0,1,1,1
71,66,Medium,0,0,1,0,1,1,0,1,1,1,0
67,66,Medium,0,1,0,0,0,1,0,0,1,0,1
66,66,Medium,0,1,1,0,1,1,1,0,0,0,0
66,66,Medium,0,0,1,0,0,1,0,0,1,1,0
604,578,Medium,0,0,1,0,0,1,1,1,0,0,1
67,67,Medium,1,0,1,0,1,1,0,0,0,1,0
69,68,Medium,1,0,1,0,0,1,0,1,0,1,0
70,68,Medium,1,0,0,0,0,1,0,0,1,0,1
76,68,Medium,1,1,0,0,0,1,0,1,0,1,1
70,68,Medium,0,1,1,0,1,1,0,1,0,1,0
75,70,Medium,0,1,0,0,0,1,1,0,0,1,0
70,70,Medium,1,1,0,0,0,1,0,0,0,1,1
77,71,Medium,1,1,1,0,0,1,0,1,1,1,0
71,71,Medium,1,0,0,0,0,1,1,1,0,1,0
74,71,Medium,1,1,1,0,0,1,1,1,1,1,0
73,71,Medium,1,1,1,0,0,1,0,0,1,1,0
74,72,Medium,1,0,0,0,0,1,0,1,1,1,1
73,72,Medium,1,0,1,0,1,1,0,1,1,0,0
75,72,Medium,1,0,1,0,0,1,1,1,0,0,0
83,72,Medium,1,1,1,0,0,1,1,1,1,0,0
73,72,Medium,0,0,0,0,0,1,0,1,0,0,1
75,72,Medium,0,0,1,0,0,1,0,0,1,0,0
73,73,Medium,0,1,1,0,1,1,1,0,1,0,1
75,74,Medium,0,0,1,0,0,1,1,1,1,0,0
78,74,Medium,1,1,1,0,1,1,1,1,0,0,0
76,75,Medium,0,0,1,0,1,1,1,0,0,1,1
389,331,Medium,1,1,0,0,0,1,1,1,1,0,0
77,76,Medium,1,0,1,0,1,1,1,0,1,1,1
96,76,Medium,1,1,0,0,0,1,0,1,1,1,1
78,77,Medium,1,0,1,0,0,1,1,0,0,0,0
78,77,Medium,0,0,0,0,0,1,1,0,0,1,0
78,77,Medium,0,1,1,0,1,1,0,1,1,1,1
364,333,Medium,0,1,1,0,0,1,0,1,0,1,1
78,78,Medium,0,0,1,0,1,1,1,0,1,0,1
78,78,Medium,1,0,1,0,1,1,1,1,1,1,1
82,79,Medium,0,0,1,0,0,1,1,0,0,0,0
79,79,Medium,0,0,0,0,0,1,1,0,0,1,1
80,79,Medium,1,0,1,0,1,1,0,0,1,0,0
82,79,Medium,0,1,1,0,0,1,0,0,1,0,0
83,79,Medium,0,1,1,0,1,1,1,0,0,0,1
83,79,Medium,0,1,0,0,0,1,0,1,0,0,1
80,79,Medium,1,1,1,0,1,1,1,0,0,0,0
426,335,Medium,0,1,0,0,0,1,1,1,0,0,0
877,847,Medium,1,1,1,0,0,1,1,0,1,1,1
99,80,Medium,0,1,1,0,1,1,1,1,1,0,0
80,80,Medium,1,1,0,0,0,1,0,1,1,0,1
83,80,Medium,0,0,1,0,1,1,0,1,0,1,0
83,81,Medium,0,1,1,0,1,1,0,0,1,0,0
82,81,Medium,1,0,1,0,0,1,0,1,1,0,1
81,81,Medium,1,1,1,0,1,1,0,0,0,1,0
81,81,Medium,0,0,0,0,0,1,1,0,0,0,1
624,593,Medium,0,1,0,0,0,1,0,0,0,0,0
82,82,Medium,1,0,1,0,1,1,1,0,0,1,1
89,82,Medium,0,1,1,0,0,1,1,1,0,1,0
86,83,Medium,0,1,1,0,0,1,1,0,0,0,0
87,83,Medium,1,1,1,0,0,1,1,1,0,1,0
84,83,Medium,0,1,0,0,0,1,0,1,0,1,1
932,851,Medium,1,1,1,0,0,1,1,1,1,1,1
84,84,Medium,1,1,0,0,0,1,0,0,1,1,1
86,85,Medium,0,1,1,0,0,1,0,0,0,1,0
85,85,Medium,1,0,1,0,0,1,0,0,1,0,0
88,85,Medium,0,0,0,0,0,1,1,1,0,1,0
89,86,Medium,0,1,0,0,0,1,1,0,0,1,1
87,86,Medium,0,1,1,0,1,1,0,1,1,0,1
88,86,Medium,0,0,1,0,1,1,1,1,0,0,1
614,598,Medium,1,0,1,0,0,1,1,1,0,1,1
88,87,Medium,0,0,1,0,0,1,0,1,1,1,0
87,87,Medium,0,0,1,0,1,1,0,0,1,0,0
89,88,Medium,1,0,0,0,0,1,1,1,1,1,0
89,88,Medium,0,0,1,0,1,1,0,1,1,1,1
884,856,Medium,0,0,1,0,0,1,1,1,1,1,1
90,89,Medium,1,0,0,0,0,1,1,0,1,0,1
89,89,Medium,0,0,1,0,1,1,0,1,1,0,1
92,89,Medium,1,1,0,0,0,1,1,0,0,0,1
90,90,Medium,0,0,0,0,0,1,1,1,0,0,1
360,346,Medium,0,0,1,0,0,1,0,1,0,1,1
92,91,Medium,0,0,1,0,0,1,1,1,0,0,0
93,91,Medium,0,0,0,0,0,1,0,0,1,1,1
95,91,Medium,1,1,0,0,0,1,0,0,1,0,1
915,859,Medium,0,1,1,0,0,1,1,1,0,0,1
93,92,Medium,0,1,0,0,0,1,1,0,0,0,1
885,860,Medium,1,1,0,0,0,1,0,0,1,0,0
96,93,Medium,1,1,1,0,1,1,1,1,0,0,1
95,93,Medium,0,0,0,0,0,1,0,0,1,0,1
112,93,Medium,0,1,1,0,0,1,1,1,1,0,0
99,95,Medium,1,1,1,0,0,1,0,1,1,0,0
98,95,Medium,1,0,0,0,0,1,1,0,1,1,1
96,95,Medium,0,0,1,0,0,1,0,0,0,1,0
107,96,Medium,0,1,1,0,1,1,1,1,0,0,0
98,96,Medium,0,1,1,0,1,1,0,0,0,0,0
98,96,Medium,0,1,1,0,0,1,0,1,0,1,0
98,97,Medium,1,0,0,0,0,1,1,1,1,0,1
98,97,Medium,1,1,1,0,1,1,0,1,1,0,0
98,97,Medium,1,1,1,0,0,1,0,0,1,0,0
98,98,Medium,1,0,0,0,0,1,1,0,0,1,0
98,98,Medium,1,0,1,0,1,1,0,1,0,0,0
100,98,Medium,1,0,0,0,0,1,1,1,1,1,1
100,98,Medium,0,0,0,0,0,1,1,1,0,1,1
103,99,Medium,0,0,1,0,1,1,1,0,1,1,1
626,611,Medium,1,0,0,0,0,1,0,1,0,0,0
101,100,Medium,1,1,1,0,1,1,0,0,1,0,0
101,100,Medium,1,1,1,0,1,1,1,1,1,0,1
105,101,Medium,1,1,1,0,1,1,1,0,1,0,1
102,101,Medium,1,0,0,0,0,1,1,0,1,1,0
368,357,Medium,0,1,1,0,0,1,1,0,1,0,1
102,102,Medium,0,1,1,0,1,1,1,0,0,1,1
107,102,Medium,1,1,0,0,0,1,1,1,0,0,1
104,102,Medium,1,0,1,0,0,1,0,0,1,0,1
111,104,Medium,0,0,0,0,0,1,1,0,1,1,0
106,106,Medium,0,1,1,0,1,1,1,0,1,1,1
110,107,Medium,0,0,1,0,0,1,0,1,0,1,0
110,108,Medium,0,0,0,0,0,1,1,0,1,0,1
116,110,Medium,1,1,0,0,0,1,1,1,0,1,1
112,110,Medium,1,1,1,0,1,1,1,0,0,0,1
117,113,Medium,0,1,0,0,0,1,1,0,1,1,1
117,113,Medium,0,0,1,0,1,1,1,1,0,1,1
116,113,Medium,0,0,0,0,0,1,1,0,1,1,1
122,114,Medium,1,1,0,0,0,1,1,1,0,1,0
670,626,Medium,1,1,1,0,0,1,1,1,0,0,1
953,883,Medium,1,1,0,0,0,1,0,1,1,0,0
126,116,Medium,0,1,0,0,0,1,1,0,1,1,0
384,374,Medium,1,0,1,0,0,1,1,0,0,0,1
123,119,Medium,0,1,1,0,0,1,0,0,1,0,1
121,119,Medium,1,1,1,0,0,1,0,1,0,1,0
126,119,Medium,1,1,1,0,0,1,1,0,0,1,0
122,120,Medium,1,0,1,0,0,1,0,1,0,0,0
121,121,Medium,1,0,1,0,1,1,0,0,0,0,0
1562,1401,Medium,0,1,1,0,0,1,1,1,0,1,1
129,122,Medium,0,1,1,0,1,1,0,1,1,0,0
136,123,Medium,0,1,1,0,0,1,0,1,1,0,0
134,124,Medium,0,1,0,0,0,1,0,1,1,1,1
668,636,Medium,0,1,1,0,0,1,1,0,1,1,1
125,125,Medium,1,1,1,0,1,1,1,0,1,1,1
131,126,Medium,1,0,0,0,0,1,1,1,0,0,0
130,127,Medium,1,0,1,0,0,1,0,1,0,0,1
128,127,Medium,1,0,1,0,0,1,0,1,1,1,1
129,129,Medium,0,0,1,0,1,1,0,0,0,0,0
132,130,Medium,0,0,1,0,1,1,0,1,1,0,0
394,386,Medium,0,0,1,0,0,1,1,0,0,0,1
135,131,Medium,1,1,1,0,0,1,0,1,1,0,1
520,387,Medium,0,1,0,0,0,1,1,1,1,0,0
663,643,Medium,0,1,1,0,0,1,1,1,1,0,1
150,132,Medium,0,1,0,0,0,1,1,1,0,1,0
140,133,Medium,1,1,1,0,1,1,1,1,0,1,1
136,135,Medium,0,0,1,0,1,1,1,1,1,0,1
135,135,Medium,1,0,1,0,0,1,0,0,0,1,0
137,135,Medium,0,1,1,0,0,1,0,0,0,0,0
138,136,Medium,0,1,0,0,0,1,1,0,1,0,1
147,137,Medium,0,1,0,0,0,1,1,1,0,1,1
143,138,Medium,1,1,1,0,1,1,1,1,1,1,1
162,138,Medium,1,1,1,0,0,1,1,1,0,0,0
144,138,Medium,1,1,1,0,0,1,1,0,0,0,0
144,139,Medium,0,0,0,0,0,1,0,1,1,1,1
148,139,Medium,0,1,0,0,0,1,1,1,0,0,1
144,140,Medium,1,0,1,0,0,1,0,0,0,0,0
144,141,Medium,0,1,1,0,1,1,1,1,0,1,1
147,143,Medium,1,1,1,0,1,1,0,1,0,0,0
145,143,Medium,0,0,1,0,1,1,1,1,1,1,1
147,143,Medium,1,1,1,0,1,1,1,0,0,1,1
423,399,Medium,1,1,1,0,0,1,1,1,1,0,1
146,144,Medium,1,1,0,0,0,1,1,0,1,0,1
147,145,Medium,1,0,0,0,0,1,1,0,0,0,0
408,402,Medium,1,0,1,0,0,1,1,1,1,1,1
147,147,Medium,0,0,1,0,0,1,0,0,0,0,0
151,148,Medium,1,1,0,0,0,1,1,1,1,1,0
151,149,Medium,1,1,0,0,0,1,1,0,0,1,1
421,405,Medium,1,1,1,0,0,1,0,0,0,1,1
157,150,Medium,0,1,1,0,1,1,1,1,0,0,1
156,152,Medium,0,0,0,0,0,1,1,0,0,0,0
155,152,Medium,1,1,1,0,1,1,0,0,0,0,0
154,153,Medium,0,0,1,0,0,1,0,1,1,0,0
419,410,Medium,1,1,1,0,0,1,1,0,1,0,1
163,155,Medium,1,1,1,0,0,1,0,0,1,0,1
192,155,Medium,0,1,1,0,0,1,1,1,0,0,0
156,155,Medium,1,0,1,0,0,1,0,0,1,1,1
1325,1179,Medium,0,1,0,0,0,1,0,1,1,0,0
179,156,Medium,0,1,0,0,0,1,1,1,1,1,0
168,157,Medium,1,1,0,0,0,1,1,0,1,1,0
963,925,Medium,1,1,0,0,0,1,0,0,0,0,0
161,158,Medium,0,0,1,0,0,1,0,0,1,0,1
422,414,Medium,0,0,0,0,0,1,0,1,1,1,0
167,161,Medium,0,1,1,0,1,1,1,1,1,0,1
164,162,Medium,1,1,1,0,0,1,0,0,0,1,0
164,162,Medium,0,1,1,0,1,1,1,1,1,1,1
178,165,Medium,1,1,1,0,0,1,0,1,0,0,0
174,166,Medium,1,1,0,0,0,1,1,0,0,1,0
168,166,Medium,1,0,0,0,0,1,1,0,1,0,0
169,167,Medium,0,0,0,0,0,1,1,1,1,1,0
173,170,Medium,0,0,1,0,1,1,0,1,0,0,0
174,170,Medium,0,1,1,0,0,1,0,0,1,1,1
177,171,Medium,1,0,1,0,0,1,0,1,0,1,1
973,940,Medium,0,0,0,0,0,1,0,0,1,0,0
186,175,Medium,0,1,1,0,1,1,0,1,0,0,0
1040,943,Medium,0,1,0,0,0,1,0,1,0,0,0
182,176,Medium,0,1,0,0,0,1,0,0,0,1,0
180,178,Medium,1,0,0,0,0,1,1,1,1,0,0
183,178,Medium,1,1,0,0,0,1,1,0,1,1,1
184,179,Medium,0,1,0,0,0,1,0,1,1,0,1
986,949,Medium,0,0,1,0,0,1,1,1,0,1,1
185,182,Medium,1,0,0,0,0,1,0,1,0,1,0
190,182,Medium,0,0,1,0,0,1,0,0,1,1,1
197,182,Medium,1,1,0,0,0,1,1,1,1,1,1
194,187,Medium,1,1,0,0,0,1,1,1,1,0,1
192,188,Medium,0,1,0,0,0,1,1,0,0,0,0
192,188,Medium,0,0,1,0,0,1,0,0,0,0,1
196,193,Medium,1,0,1,0,0,1,1,1,1,0,1
198,195,Medium,0,0,0,0,0,1,0,1,1,0,1
198,196,Medium,1,0,1,0,0,1,0,0,0,0,1
205,196,Medium,0,1,0,0,0,1,1,1,1,1,1
200,197,Medium,0,0,0,0,0,1,1,0,1,0,0
203,197,Medium,0,0,0,0,0,1,1,1,1,1,1
203,198,Medium,0,0,1,0,0,1,0,1,0,0,0
465,456,Medium,1,0,1,0,0,1,1,0,1,1,1
754,715,Medium,0,0,0,0,0,1,0,0,0,0,0
739,716,Medium,0,1,0,0,0,1,0,0,1,0,0
216,205,Medium,0,1,0,0,0,1,0,0,1,1,0
210,208,Medium,0,1,1,0,0,1,0,0,0,0,1
215,208,Medium,1,1,1,0,0,1,0,1,0,0,1
252,209,Medium,1,1,1,0,0,1,0,1,1,1,1
214,210,Medium,1,0,1,0,0,1,1,0,1,0,1
757,722,Medium,0,0,1,0,0,1,1,0,0,1,1
224,213,Medium,0,1,0,0,0,1,1,0,1,0,0
1059,986,Medium,0,1,1,0,0,1,1,0,0,1,1
225,219,Medium,0,1,0,0,0,1,1,1,1,0,1
226,220,Medium,0,0,0,0,0,1,1,1,1,0,1
225,220,Medium,1,1,1,0,0,1,0,0,1,1,1
221,220,Medium,1,1,1,0,0,1,0,0,0,0,0
489,479,Medium,0,0,1,0,0,1,1,1,1,0,1
229,224,Medium,1,1,0,0,0,1,0,1,0,1,0
232,228,Medium,1,0,1,0,0,1,0,0,0,1,1
774,742,Medium,1,1,1,0,0,1,1,0,0,0,1
250,231,Medium,0,1,1,0,0,1,0,1,0,0,0
240,234,Medium,0,1,1,0,0,1,0,1,1,0,1
242,235,Medium,0,1,0,0,0,1,0,1,0,1,0
239,236,Medium,1,0,0,0,0,1,0,1,1,1,0
249,239,Medium,0,0,0,0,0,1,0,1,0,1,0
246,240,Medium,0,0,1,0,0,1,0,0,0,1,1
246,240,Medium,0,0,0,0,0,1,0,0,0,1,0
1633,1525,Medium,1,1,1,0,0,1,1,0,0,1,1
259,253,Medium,0,0,1,0,0,1,0,1,1,0,1
863,768,Pre GitHub,0,0,0,0,0,1,0,1,1,0,0
1,1,Pre GitHub,0,0,1,0,0,0,1,1,0,0,1
9,1,Pre GitHub,1,1,1,1,0,1,0,1,0,0,0
1,1,Pre GitHub,1,1,1,1,0,1,0,1,1,0,0
1,1,Pre GitHub,0,0,0,0,0,0,0,0,0,0,0
1,1,Pre GitHub,1,1,1,0,0,0,0,0,1,1,1
1,1,Pre GitHub,1,1,0,0,0,0,0,0,1,0,1
1,1,Pre GitHub,1,1,0,1,0,1,0,1,0,0,1
1,1,Pre GitHub,1,1,1,1,1,1,0,1,0,0,1
1,1,Pre GitHub,1,0,1,0,1,0,0,1,0,1,0
4,1,Pre GitHub,1,1,0,1,0,1,0,1,0,1,0
1,1,Pre GitHub,0,1,1,0,0,0,1,1,0,1,1
1,1,Pre GitHub,1,1,0,0,0,0,1,0,0,0,0
1,1,Pre GitHub,0,1,1,0,1,0,0,1,1,0,1
1,1,Pre GitHub,0,1,0,0,0,0,0,1,1,0,1
1,1,Pre GitHub,1,1,0,0,0,0,0,0,0,0,0
2,1,Pre GitHub,1,1,1,1,1,1,0,1,0,1,0
1,1,Pre GitHub,1,0,1,0,0,0,1,0,1,0,1
1,1,Pre GitHub,1,1,1,1,1,1,1,1,1,1,0
1,1,Pre GitHub,1,1,0,1,0,1,0,1,1,1,1
1,1,Pre GitHub,1,0,1,0,1,0,1,0,0,0,0
1,1,Pre GitHub,1,1,1,1,1,1,1,1,0,1,0
1,1,Pre GitHub,1,1,0,1,0,1,1,1,1,0,1
1,1,Pre GitHub,0,0,0,0,0,0,1,1,0,1,0
1,1,Pre GitHub,1,1,1,0,0,0,0,1,0,0,1
7,2,Pre GitHub,1,1,0,1,0,1,1,1,0,0,1
3,2,Pre GitHub,1,1,1,1,0,1,1,1,1,0,0
3,2,Pre GitHub,1,1,0,1,0,1,0,1,1,1,0
3,2,Pre GitHub,1,1,0,1,0,1,1,1,1,1,1
3,2,Pre GitHub,1,1,1,1,1,1,0,1,0,1,1
3,2,Pre GitHub,1,1,1,1,0,1,0,1,0,0,1
2,2,Pre GitHub,0,0,0,0,0,0,0,0,1,1,0
2,2,Pre GitHub,1,1,0,1,0,1,0,1,1,0,1
3,2,Pre GitHub,1,1,1,1,0,1,0,1,0,1,1
2,2,Pre GitHub,1,1,0,1,0,1,0,1,0,1,1
8,2,Pre GitHub,1,1,0,1,0,1,1,1,0,1,0
2,2,Pre GitHub,1,1,1,1,1,1,1,1,0,0,0
5,2,Pre GitHub,1,1,1,1,0,1,0,1,0,1,0
2,2,Pre GitHub,1,1,1,1,1,1,0,1,0,0,0
3,3,Pre GitHub,1,1,1,1,1,1,1,1,0,0,1
3,3,Pre GitHub,1,1,0,1,0,1,0,1,1,0,0
6,4,Pre GitHub,1,1,0,1,0,1,1,1,0,1,1
10,4,Pre GitHub,1,1,0,1,0,1,1,1,0,0,0
5,4,Pre GitHub,1,1,0,1,0,1,1,1,1,1,0
6,4,Pre GitHub,1,1,1,1,0,1,1,1,0,1,0
10,5,Pre GitHub,1,1,1,1,1,1,1,1,0,1,1
5,5,Pre GitHub,1,1,1,1,0,1,1,1,1,0,1
6,5,Pre GitHub,1,1,0,1,0,1,1,1,1,0,0
5,5,Pre GitHub,1,1,1,1,1,1,1,1,1,1,1
18,6,Pre GitHub,1,1,0,1,0,1,0,1,0,0,0
9,8,Pre GitHub,1,1,1,1,0,1,1,1,0,0,0
15,8,Pre GitHub,1,1,1,1,0,1,1,1,0,0,1
10,10,Pre GitHub,0,1,1,0,1,1,1,0,1,1,0
861,778,Pre GitHub,1,1,1,0,0,1,1,0,0,1,1
26,11,Pre GitHub,1,1,1,1,0,1,1,1,0,1,1
11,11,Pre GitHub,1,0,1,0,1,1,1,1,1,1,0
11,11,Pre GitHub,1,0,1,0,1,1,0,1,0,0,1
13,13,Pre GitHub,1,0,1,0,1,1,1,1,0,1,0
14,14,Pre GitHub,1,1,1,1,0,1,1,1,1,1,1
14,14,Pre GitHub,1,0,0,0,0,1,0,1,0,0,1
15,15,Pre GitHub,0,0,1,0,1,1,1,0,1,1,0
17,16,Pre GitHub,0,1,1,0,0,1,1,0,1,1,0
17,16,Pre GitHub,1,1,1,0,1,1,0,1,0,0,1
16,16,Pre GitHub,0,1,1,0,1,1,1,0,1,0,0
281,272,Pre GitHub,0,0,0,0,0,1,0,1,1,1,0
17,17,Pre GitHub,0,1,1,0,1,1,0,0,0,0,1
17,17,Pre GitHub,0,1,1,0,1,1,1,0,0,1,0
18,18,Pre GitHub,1,0,1,0,1,1,1,1,1,0,0
19,19,Pre GitHub,0,1,1,0,0,1,1,0,1,0,0
19,19,Pre GitHub,1,0,1,0,1,1,0,1,1,1,1
19,19,Pre GitHub,1,0,1,0,1,1,0,0,1,0,1
19,19,Pre GitHub,1,0,1,0,1,1,0,1,1,1,0
19,19,Pre GitHub,0,1,1,0,1,1,0,0,1,0,1
572,531,Pre GitHub,1,0,1,0,0,1,1,0,0,1,1
21,20,Pre GitHub,0,0,1,0,1,1,1,0,1,0,0
20,20,Pre GitHub,1,0,1,0,1,1,0,1,0,1,1
20,20,Pre GitHub,1,0,1,0,1,1,1,0,1,1,0
21,21,Pre GitHub,1,0,1,0,1,1,1,1,0,0,1
23,21,Pre GitHub,1,0,1,0,0,1,1,1,1,0,0
25,21,Pre GitHub,1,1,1,0,1,1,1,0,1,1,0
21,21,Pre GitHub,1,1,1,0,0,1,1,1,1,1,0
22,21,Pre GitHub,1,0,1,0,1,1,0,1,1,0,1
26,22,Pre GitHub,0,1,1,0,1,1,0,0,1,1,0
22,22,Pre GitHub,1,0,1,0,1,1,0,1,0,1,0
22,22,Pre GitHub,0,0,1,0,1,1,0,0,0,0,1
22,22,Pre GitHub,1,0,1,0,1,1,1,1,0,0,0
23,23,Pre GitHub,0,0,1,0,0,1,1,0,1,0,0
27,23,Pre GitHub,0,1,1,0,1,1,1,1,1,1,0
27,23,Pre GitHub,0,0,1,0,0,1,1,0,1,1,0
26,23,Pre GitHub,1,1,1,0,1,1,0,0,0,0,1
25,23,Pre GitHub,0,0,1,0,1,1,1,0,0,0,0
24,23,Pre GitHub,0,1,0,0,0,1,0,0,0,1,1
23,23,Pre GitHub,1,0,0,0,0,1,0,1,1,1,1
299,279,Pre GitHub,0,0,1,0,0,1,1,1,0,0,1
580,535,Pre GitHub,0,0,0,0,0,1,0,0,1,0,0
24,24,Pre GitHub,1,1,0,0,0,1,0,0,0,0,1
26,24,Pre GitHub,0,0,1,0,1,1,0,0,1,1,1
24,24,Pre GitHub,1,1,1,0,1,1,0,0,1,1,1
25,25,Pre GitHub,1,0,0,0,0,1,0,0,0,0,1
27,25,Pre GitHub,1,1,1,0,1,1,0,0,1,0,1
25,25,Pre GitHub,1,1,1,0,1,1,1,1,1,1,0
25,25,Pre GitHub,0,1,0,0,0,1,0,0,0,0,1
25,25,Pre GitHub,0,0,1,0,1,1,1,0,0,1,0
27,25,Pre GitHub,1,0,1,0,1,1,0,0,0,0,1
25,25,Pre GitHub,1,1,1,0,1,1,0,1,0,1,1
297,281,Pre GitHub,1,0,0,0,0,1,0,1,0,0,0
27,26,Pre GitHub,1,1,1,0,1,1,1,1,1,0,0
27,26,Pre GitHub,1,1,1,0,1,1,1,0,1,0,0
27,26,Pre GitHub,1,1,1,0,0,1,1,1,1,0,0
26,26,Pre GitHub,1,0,1,0,0,1,1,1,1,1,0
26,26,Pre GitHub,1,0,1,0,1,1,1,0,1,0,0
27,26,Pre GitHub,0,0,1,0,1,1,0,1,0,0,1
30,26,Pre GitHub,1,0,0,0,0,1,0,1,0,1,1
302,282,Pre GitHub,0,0,1,0,0,1,1,1,1,0,1
27,27,Pre GitHub,1,0,1,0,0,1,1,0,1,0,0
31,27,Pre GitHub,1,1,1,0,1,1,1,1,0,1,0
28,27,Pre GitHub,1,0,1,0,0,1,1,0,1,1,0
28,27,Pre GitHub,0,1,1,0,1,1,0,0,0,1,1
28,28,Pre GitHub,1,1,1,0,1,1,1,0,0,1,0
28,28,Pre GitHub,0,0,0,0,0,1,0,0,0,0,1
28,28,Pre GitHub,0,0,1,0,1,1,1,1,1,1,0
306,284,Pre GitHub,1,0,1,0,0,1,1,1,1,1,1
29,29,Pre GitHub,1,1,1,0,1,1,0,1,1,0,1
29,29,Pre GitHub,1,1,1,0,1,1,0,1,1,1,0
29,29,Pre GitHub,0,1,1,0,1,1,0,0,1,1,1
29,29,Pre GitHub,1,0,0,0,0,1,0,0,0,1,1
29,29,Pre GitHub,1,0,1,0,0,1,0,1,1,1,0
34,30,Pre GitHub,0,1,1,0,1,1,1,0,0,0,0
32,31,Pre GitHub,0,1,1,0,1,1,1,1,0,1,0
33,31,Pre GitHub,0,0,1,0,1,1,1,1,0,1,0
31,31,Pre GitHub,1,0,0,0,0,1,1,1,0,0,1
31,31,Pre GitHub,1,0,1,0,1,1,0,1,0,0,0
35,31,Pre GitHub,1,1,0,0,0,1,0,1,0,1,1
34,32,Pre GitHub,0,1,1,0,1,1,0,1,1,0,1
32,32,Pre GitHub,1,0,1,0,0,1,1,1,0,1,0
32,32,Pre GitHub,1,0,1,0,1,1,1,0,0,1,0
33,32,Pre GitHub,0,1,1,0,1,1,1,0,0,0,1
34,33,Pre GitHub,1,0,1,0,1,1,0,0,0,1,1
35,33,Pre GitHub,1,1,1,0,1,1,1,0,1,0,1
39,34,Pre GitHub,0,0,0,0,0,1,1,0,0,0,1
36,34,Pre GitHub,1,0,1,0,1,1,1,0,0,0,0
36,34,Pre GitHub,0,1,1,0,1,1,1,0,1,0,1
35,34,Pre GitHub,0,0,1,0,0,1,1,1,1,1,0
36,35,Pre GitHub,0,1,1,0,1,1,0,0,1,0,0
36,35,Pre GitHub,0,1,0,0,0,1,0,1,0,0,1
36,36,Pre GitHub,1,0,1,0,1,1,1,1,1,0,1
38,36,Pre GitHub,0,0,1,0,1,1,1,0,0,0,1
38,36,Pre GitHub,1,1,1,0,1,1,0,1,0,1,0
40,36,Pre GitHub,0,0,1,0,1,1,1,0,1,0,1
39,36,Pre GitHub,0,0,1,0,1,1,0,0,1,0,1
36,36,Pre GitHub,0,0,1,0,1,1,0,0,0,1,1
38,36,Pre GitHub,1,0,1,0,0,1,1,1,0,0,0
42,36,Pre GitHub,0,1,1,0,0,1,0,0,1,1,0
42,37,Pre GitHub,0,1,1,0,1,1,1,1,0,0,0
41,37,Pre GitHub,0,0,1,0,1,1,0,1,0,1,1
37,37,Pre GitHub,1,0,0,0,0,1,0,0,1,0,1
40,37,Pre GitHub,0,1,1,0,1,1,0,1,0,0,1
40,37,Pre GitHub,1,1,0,0,0,1,0,1,0,0,1
43,38,Pre GitHub,0,1,1,0,1,1,0,1,0,1,0
38,38,Pre GitHub,0,0,1,0,0,1,1,0,0,1,0
43,38,Pre GitHub,1,1,1,0,0,1,0,1,1,1,0
38,38,Pre GitHub,0,1,1,0,1,1,0,0,0,1,0
41,39,Pre GitHub,0,0,1,0,1,1,1,1,1,0,0
39,39,Pre GitHub,0,0,1,0,1,1,0,1,1,0,1
39,39,Pre GitHub,1,0,1,0,1,1,1,0,1,0,1
44,39,Pre GitHub,1,1,1,0,1,1,1,1,0,0,0
43,40,Pre GitHub,1,0,1,0,1,1,1,0,0,0,1
44,40,Pre GitHub,1,1,1,0,1,1,0,1,1,1,1
40,40,Pre GitHub,1,0,0,0,0,1,1,0,0,0,1
41,40,Pre GitHub,0,1,0,0,0,1,0,1,0,1,1
44,41,Pre GitHub,1,1,1,0,0,1,1,0,1,1,0
44,41,Pre GitHub,0,0,1,0,1,1,0,1,1,1,0
42,41,Pre GitHub,1,0,0,0,0,1,1,1,0,1,1
41,41,Pre GitHub,1,0,1,0,1,1,0,1,1,0,0
41,41,Pre GitHub,0,1,1,0,0,1,1,1,1,1,0
44,41,Pre GitHub,0,0,1,0,1,1,1,1,0,0,0
48,41,Pre GitHub,0,1,1,0,0,1,1,1,0,1,0
45,41,Pre GitHub,0,1,0,0,0,1,1,0,0,0,1
46,42,Pre GitHub,0,0,1,0,1,1,0,0,1,1,0
46,42,Pre GitHub,1,1,1,0,1,1,0,1,1,0,0
42,42,Pre GitHub,0,1,1,0,1,1,0,1,1,1,0
47,42,Pre GitHub,1,1,1,0,1,1,0,0,1,1,0
46,42,Pre GitHub,0,0,1,0,0,1,1,1,1,0,0
42,42,Pre GitHub,1,1,1,0,1,1,0,0,0,1,1
44,42,Pre GitHub,0,1,1,0,0,1,1,0,0,1,0
47,42,Pre GitHub,1,0,1,0,1,1,1,0,1,1,1
42,42,Pre GitHub,1,0,1,0,0,1,0,1,1,0,0
45,42,Pre GitHub,1,0,1,0,0,1,0,1,0,1,0
44,43,Pre GitHub,0,1,1,0,0,1,0,0,1,0,0
51,43,Pre GitHub,1,0,1,0,0,1,0,1,1,0,1
48,43,Pre GitHub,1,0,1,0,1,1,1,0,0,1,1
44,43,Pre GitHub,0,1,1,0,1,1,1,1,1,0,0
44,43,Pre GitHub,0,0,0,0,0,1,0,1,0,1,1
45,43,Pre GitHub,0,1,1,0,0,1,1,0,0,0,0
46,44,Pre GitHub,0,1,0,0,0,1,0,0,1,0,1
49,44,Pre GitHub,1,1,1,0,1,1,1,0,0,0,1
44,44,Pre GitHub,0,1,0,0,0,1,0,0,1,1,1
45,44,Pre GitHub,0,1,1,0,1,1,0,1,0,1,1
48,44,Pre GitHub,1,0,0,0,0,1,0,1,1,0,1
50,46,Pre GitHub,0,1,0,0,0,1,1,0,0,1,0
48,46,Pre GitHub,1,0,1,0,1,1,0,0,1,1,1
48,46,Pre GitHub,0,0,0,0,0,1,1,0,0,1,1
49,46,Pre GitHub,1,1,0,0,0,1,0,1,1,1,1
49,47,Pre GitHub,1,1,1,0,0,1,1,1,0,1,0
50,47,Pre GitHub,0,1,1,0,1,1,1,0,0,1,1
50,47,Pre GitHub,0,0,1,0,1,1,0,1,1,1,1
49,47,Pre GitHub,1,1,0,0,0,1,0,0,1,0,1
48,47,Pre GitHub,1,0,1,0,1,1,1,1,1,1,1
49,47,Pre GitHub,1,1,0,0,0,1,1,0,0,0,1
50,47,Pre GitHub,1,1,1,0,1,1,1,0,0,0,0
52,48,Pre GitHub,1,0,1,0,1,1,0,0,1,1,0
55,48,Pre GitHub,0,1,1,0,0,1,1,1,0,0,0
49,48,Pre GitHub,0,1,1,0,0,1,1,1,1,0,0
51,48,Pre GitHub,0,0,1,0,1,1,1,0,0,1,1
52,48,Pre GitHub,1,1,1,0,0,1,1,0,1,0,0
52,48,Pre GitHub,0,0,1,0,0,1,1,0,0,0,0
59,49,Pre GitHub,1,1,1,0,0,1,0,1,1,0,0
50,49,Pre GitHub,0,1,1,0,0,1,0,1,1,1,0
53,49,Pre GitHub,1,0,1,0,1,1,1,1,0,1,1
52,49,Pre GitHub,1,0,0,0,0,1,1,1,0,1,0
52,49,Pre GitHub,1,1,1,0,1,1,1,1,1,0,1
49,49,Pre GitHub,1,0,1,0,0,1,0,0,1,1,0
51,50,Pre GitHub,1,1,0,0,0,1,0,0,1,1,1
55,50,Pre GitHub,1,0,1,0,0,1,0,1,0,0,1
618,562,Pre GitHub,1,0,0,0,0,1,0,0,1,0,0
52,51,Pre GitHub,0,1,1,0,1,1,0,1,1,1,1
54,52,Pre GitHub,0,1,1,0,0,1,0,0,0,1,0
56,52,Pre GitHub,0,0,1,0,0,1,1,1,0,1,0
53,52,Pre GitHub,1,0,0,0,0,1,0,0,1,1,1
57,52,Pre GitHub,1,1,0,0,0,1,1,1,0,0,1
56,52,Pre GitHub,0,0,1,0,1,1,1,0,1,1,1
53,52,Pre GitHub,1,1,0,0,0,1,0,0,0,1,1
54,52,Pre GitHub,0,0,0,0,0,1,0,0,0,1,1
60,53,Pre GitHub,0,1,0,0,0,1,1,0,1,1,0
55,53,Pre GitHub,1,1,1,0,0,1,0,0,1,1,0
59,53,Pre GitHub,0,0,1,0,1,1,1,1,0,0,1
61,53,Pre GitHub,1,1,1,0,1,1,0,0,1,0,0
56,54,Pre GitHub,0,0,0,0,0,1,1,0,1,0,1
60,54,Pre GitHub,0,0,1,0,1,1,0,0,0,1,0
56,54,Pre GitHub,1,1,1,0,1,1,1,1,0,0,1
60,54,Pre GitHub,0,1,0,0,0,1,1,0,0,1,1
342,310,Pre GitHub,0,1,1,0,0,1,1,1,1,0,1
326,310,Pre GitHub,1,0,1,0,0,1,1,0,1,1,1
57,55,Pre GitHub,0,1,0,0,0,1,1,0,1,0,1
55,55,Pre GitHub,1,1,1,0,0,1,1,1,0,0,0
58,55,Pre GitHub,0,1,1,0,1,1,1,1,0,0,1
60,56,Pre GitHub,1,1,0,0,0,1,0,1,1,0,1
58,56,Pre GitHub,0,0,0,0,0,1,0,1,0,0,1
66,56,Pre GitHub,0,0,1,0,0,1,0,0,1,1,0
58,57,Pre GitHub,0,1,1,0,1,1,1,0,1,1,1
62,57,Pre GitHub,0,0,1,0,0,1,0,0,1,0,0
59,57,Pre GitHub,1,0,1,0,0,1,1,0,0,0,0
63,57,Pre GitHub,0,0,1,0,1,1,0,1,0,1,0
62,58,Pre GitHub,1,1,1,0,0,1,0,0,1,0,0
62,58,Pre GitHub,1,0,1,0,0,1,1,0,0,1,0
64,59,Pre GitHub,0,1,1,0,0,1,0,0,1,0,1
66,59,Pre GitHub,0,0,0,0,0,1,0,0,1,0,1
59,59,Pre GitHub,0,0,1,0,0,1,0,1,1,1,0
59,59,Pre GitHub,1,0,1,0,0,1,0,1,1,1,1
65,60,Pre GitHub,1,0,0,0,0,1,1,1,1,0,1
64,60,Pre GitHub,0,0,0,0,0,1,0,0,1,1,1
66,60,Pre GitHub,1,1,1,0,1,1,0,1,0,0,0
62,60,Pre GitHub,1,0,0,0,0,1,1,0,1,0,1
67,61,Pre GitHub,1,1,1,0,0,1,0,1,1,0,1
66,61,Pre GitHub,0,1,1,0,1,1,0,0,0,0,0
338,317,Pre GitHub,0,1,0,0,0,1,0,0,0,0,0
68,62,Pre GitHub,1,0,0,0,0,1,1,1,1,1,1
65,63,Pre GitHub,1,0,1,0,1,1,0,0,1,0,0
65,63,Pre GitHub,1,0,0,0,0,1,1,1,1,1,0
69,63,Pre GitHub,1,0,1,0,0,1,0,0,1,0,1
67,64,Pre GitHub,0,0,1,0,1,1,0,0,1,0,0
67,64,Pre GitHub,1,0,1,0,0,1,0,1,0,0,0
68,64,Pre GitHub,1,0,1,0,0,1,0,0,1,0,0
67,64,Pre GitHub,1,1,1,0,1,1,0,0,0,1,0
66,65,Pre GitHub,0,0,1,0,0,1,1,1,0,0,0
74,65,Pre GitHub,1,1,1,0,0,1,0,1,0,1,0
71,66,Pre GitHub,1,0,0,0,0,1,1,0,0,1,1
69,66,Pre GitHub,0,1,1,0,0,1,0,1,0,1,0
80,66,Pre GitHub,1,1,1,0,0,1,1,0,0,1,0
69,67,Pre GitHub,0,0,1,0,1,1,1,1,1,0,1
73,67,Pre GitHub,0,0,0,0,0,1,1,0,1,1,0
71,67,Pre GitHub,0,0,0,0,0,1,1,0,0,1,0
68,67,Pre GitHub,0,0,0,0,0,1,1,1,0,1,0
73,68,Pre GitHub,0,1,1,0,1,1,0,1,1,0,0
75,68,Pre GitHub,0,1,1,0,1,1,0,1,0,0,0
70,69,Pre GitHub,0,1,0,0,0,1,0,1,1,0,1
74,69,Pre GitHub,0,1,0,0,0,1,0,1,1,1,1
71,70,Pre GitHub,1,1,0,0,0,1,1,1,0,1,0
75,71,Pre GitHub,0,1,1,0,0,1,0,1,1,0,0
75,71,Pre GitHub,1,1,1,0,0,1,0,0,1,0,1
78,72,Pre GitHub,1,1,1,0,0,1,1,0,0,0,0
74,72,Pre GitHub,1,0,1,0,0,1,0,1,0,1,1
82,73,Pre GitHub,1,0,0,0,0,1,1,0,1,1,0
84,73,Pre GitHub,0,0,1,0,0,1,0,0,1,0,1
83,73,Pre GitHub,1,1,1,0,0,1,0,1,0,0,0
627,585,Pre GitHub,0,0,0,0,0,1,0,1,0,0,0
627,585,Pre GitHub,0,1,0,0,0,1,0,1,1,0,0
75,74,Pre GitHub,1,1,0,0,0,1,1,0,1,0,1
76,74,Pre GitHub,1,1,1,0,1,1,1,0,1,1,1
77,75,Pre GitHub,0,1,0,0,0,1,1,0,0,0,0
79,75,Pre GitHub,1,1,1,0,1,1,1,0,0,1,1
82,75,Pre GitHub,1,1,0,0,0,1,1,1,0,1,1
78,75,Pre GitHub,0,1,1,0,0,1,0,0,0,0,0
915,843,Pre GitHub,0,1,1,0,0,1,1,1,0,1,1
79,76,Pre GitHub,0,0,0,0,0,1,1,1,0,0,1
364,332,Pre GitHub,1,1,1,0,0,1,1,0,0,0,1
80,77,Pre GitHub,1,0,1,0,1,1,0,0,0,1,0
77,77,Pre GitHub,0,0,1,0,1,1,0,0,0,0,0
81,77,Pre GitHub,0,1,0,0,0,1,1,0,1,1,1
83,77,Pre GitHub,1,0,0,0,0,1,1,0,0,1,0
86,77,Pre GitHub,1,1,0,0,0,1,1,0,0,1,1
85,79,Pre GitHub,0,0,1,0,0,1,0,1,1,0,0
85,80,Pre GitHub,0,1,1,0,1,1,1,1,1,0,1
82,80,Pre GitHub,0,1,0,0,0,1,1,1,0,1,0
84,80,Pre GitHub,0,0,1,0,0,1,0,1,0,1,0
83,80,Pre GitHub,1,1,1,0,1,1,1,1,0,1,1
82,80,Pre GitHub,1,0,0,0,0,1,1,1,0,0,0
86,80,Pre GitHub,0,0,1,0,0,1,0,0,0,1,0
92,81,Pre GitHub,0,0,0,0,0,1,1,0,1,1,1
92,82,Pre GitHub,0,0,1,0,1,1,1,1,0,1,1
89,83,Pre GitHub,0,0,1,0,1,1,0,1,0,0,0
361,339,Pre GitHub,0,1,1,0,0,1,1,0,1,1,1
92,84,Pre GitHub,0,1,1,0,0,1,0,0,1,1,1
643,596,Pre GitHub,0,0,1,0,0,1,1,1,1,1,1
89,85,Pre GitHub,1,1,1,0,1,1,0,0,0,0,0
90,86,Pre GitHub,1,1,1,0,1,1,1,1,1,1,1
370,342,Pre GitHub,0,1,0,0,0,1,0,0,1,0,0
91,87,Pre GitHub,1,0,0,0,0,1,1,0,1,1,1
93,87,Pre GitHub,0,0,0,0,0,1,0,1,1,1,1
91,88,Pre GitHub,1,1,0,0,0,1,1,0,1,1,0
95,89,Pre GitHub,0,0,0,0,0,1,1,1,0,1,1
91,89,Pre GitHub,0,1,1,0,0,1,0,0,0,0,1
100,90,Pre GitHub,0,0,1,0,1,1,0,1,1,0,0
92,90,Pre GitHub,0,1,1,0,1,1,1,1,0,1,1
93,91,Pre GitHub,1,1,0,0,0,1,1,1,1,1,0
381,348,Pre GitHub,1,1,1,0,0,1,1,1,0,0,1
97,93,Pre GitHub,1,0,1,0,1,1,0,0,0,0,0
101,94,Pre GitHub,0,1,0,0,0,1,1,0,1,0,0
112,94,Pre GitHub,0,1,1,0,0,1,0,1,0,0,0
106,95,Pre GitHub,1,1,1,0,0,1,0,1,1,1,1
100,95,Pre GitHub,0,0,0,0,0,1,1,1,1,1,0
96,95,Pre GitHub,0,1,0,0,0,1,1,1,0,0,1
103,96,Pre GitHub,1,0,0,0,0,1,0,1,0,1,0
97,96,Pre GitHub,1,1,0,0,0,1,1,0,0,1,0
110,97,Pre GitHub,1,1,1,0,0,1,0,1,0,0,1
107,97,Pre GitHub,0,1,0,0,0,1,1,1,0,1,1
380,354,Pre GitHub,1,1,0,0,0,1,0,1,0,0,0
108,99,Pre GitHub,1,1,1,0,0,1,0,0,1,1,1
373,355,Pre GitHub,1,0,1,0,0,1,1,1,0,1,1
379,356,Pre GitHub,1,0,0,0,0,1,0,1,1,0,0
110,102,Pre GitHub,0,0,1,0,0,1,0,0,1,1,1
108,102,Pre GitHub,1,0,1,0,0,1,0,0,0,0,1
108,103,Pre GitHub,1,0,0,0,0,1,1,0,1,0,0
115,103,Pre GitHub,0,0,1,0,0,1,0,0,0,0,0
108,104,Pre GitHub,1,0,1,0,0,1,0,0,1,1,1
109,104,Pre GitHub,0,1,0,0,0,1,0,0,0,1,0
111,105,Pre GitHub,1,0,0,0,0,1,1,0,0,0,0
110,106,Pre GitHub,1,1,0,0,0,1,1,1,1,0,1
107,106,Pre GitHub,1,0,1,0,0,1,0,0,0,1,0
396,362,Pre GitHub,0,0,1,0,0,1,1,0,1,1,1
119,107,Pre GitHub,0,1,1,0,0,1,0,1,0,0,1
112,108,Pre GitHub,0,0,1,0,1,1,1,1,1,1,1
116,108,Pre GitHub,0,0,0,0,0,1,0,1,1,0,1
115,109,Pre GitHub,1,1,1,0,0,1,0,0,0,0,1
120,110,Pre GitHub,0,0,1,0,0,1,0,1,1,0,1
110,110,Pre GitHub,0,0,1,0,0,1,0,0,0,0,1
119,111,Pre GitHub,1,1,0,0,0,1,1,1,1,1,1
115,113,Pre GitHub,0,0,0,0,0,1,1,0,1,0,0
122,115,Pre GitHub,0,1,1,0,0,1,0,1,1,0,1
127,115,Pre GitHub,0,0,0,0,0,1,1,0,0,0,0
118,116,Pre GitHub,0,1,0,0,0,1,1,1,1,1,0
128,117,Pre GitHub,0,0,1,0,0,1,0,1,0,0,0
124,119,Pre GitHub,1,0,0,0,0,1,1,1,1,0,0
129,119,Pre GitHub,1,1,1,0,0,1,0,0,0,0,0
125,119,Pre GitHub,0,1,1,0,1,1,1,1,1,1,1
126,119,Pre GitHub,0,0,0,0,0,1,1,1,0,0,0
129,120,Pre GitHub,1,1,1,0,0,1,0,0,0,1,0
128,121,Pre GitHub,1,0,1,0,0,1,1,1,1,0,1
131,122,Pre GitHub,1,1,0,0,0,1,1,0,1,1,1
126,123,Pre GitHub,1,0,1,0,0,1,0,0,0,0,0
130,125,Pre GitHub,0,1,1,0,0,1,0,0,0,1,1
133,125,Pre GitHub,1,1,0,0,0,1,1,0,1,0,0
140,129,Pre GitHub,1,1,0,0,0,1,0,1,0,1,0
140,130,Pre GitHub,0,0,1,0,0,1,1,0,1,0,1
146,131,Pre GitHub,0,0,1,0,0,1,0,1,0,0,1
140,131,Pre GitHub,1,0,0,0,0,1,0,1,1,1,0
143,133,Pre GitHub,1,1,0,0,0,1,1,0,0,0,0
151,135,Pre GitHub,1,1,0,0,0,1,1,1,0,0,0
150,135,Pre GitHub,0,1,0,0,0,1,1,1,0,0,0
149,138,Pre GitHub,0,1,1,0,0,1,1,0,1,0,1
146,139,Pre GitHub,0,1,0,0,0,1,0,0,1,1,0
150,140,Pre GitHub,0,0,0,0,0,1,1,1,1,0,1
724,653,Pre GitHub,0,1,1,0,0,1,1,1,1,1,1
150,144,Pre GitHub,1,1,1,0,0,1,0,1,0,1,1
424,401,Pre GitHub,0,1,1,0,0,1,1,1,0,0,1
158,149,Pre GitHub,1,0,1,0,0,1,1,0,1,0,1
165,150,Pre GitHub,0,1,0,0,0,1,1,1,1,0,1
160,151,Pre GitHub,1,1,0,0,0,1,1,1,1,0,0
163,152,Pre GitHub,0,0,0,0,0,1,1,1,1,1,1
160,155,Pre GitHub,0,1,1,0,0,1,0,1,1,1,1
161,156,Pre GitHub,0,1,0,0,0,1,0,1,0,1,0
175,159,Pre GitHub,0,0,1,0,0,1,0,0,0,1,1
739,672,Pre GitHub,0,0,1,0,0,1,1,1,0,1,1
173,163,Pre GitHub,1,0,1,0,0,1,0,0,0,1,1
178,164,Pre GitHub,0,0,1,0,0,1,0,1,1,1,1
184,167,Pre GitHub,1,0,1,0,0,1,1,1,0,0,1
192,168,Pre GitHub,1,1,0,0,0,1,0,1,1,1,0
178,169,Pre GitHub,0,1,0,0,0,1,1,1,1,1,1
453,432,Pre GitHub,0,1,1,0,0,1,1,0,0,1,1
474,437,Pre GitHub,1,1,0,0,0,1,0,1,1,0,0
482,439,Pre GitHub,0,1,0,0,0,1,0,1,0,0,0
790,701,Pre GitHub,1,1,1,0,0,1,1,1,0,1,1
200,193,Pre GitHub,1,1,1,0,0,1,0,0,0,1,1
214,194,Pre GitHub,0,0,0,0,0,1,0,0,0,1,0
215,194,Pre GitHub,0,0,1,0,0,1,0,1,0,1,1
215,194,Pre GitHub,0,1,0,0,0,1,1,1,1,0,0
224,197,Pre GitHub,0,1,1,0,0,1,0,1,0,1,1
209,197,Pre GitHub,0,0,0,0,0,1,1,1,1,0,0
224,204,Pre GitHub,1,1,1,0,0,1,1,1,1,0,1
223,206,Pre GitHub,0,0,1,0,0,1,1,0,0,0,1
500,463,Pre GitHub,0,0,1,0,0,1,1,0,0,1,1
218,208,Pre GitHub,1,1,0,0,0,1,0,0,1,1,0
239,216,Pre GitHub,1,1,1,0,0,1,1,0,1,0,1
517,472,Pre GitHub,1,1,1,0,0,1,1,0,1,1,1
228,217,Pre GitHub,0,0,0,0,0,1,0,0,1,1,0
232,217,Pre GitHub,0,1,0,0,0,1,0,1,1,1,0
234,219,Pre GitHub,0,1,1,0,0,1,1,0,0,0,1
238,220,Pre GitHub,0,0,0,0,0,1,0,1,0,1,0
235,224,Pre GitHub,1,0,0,0,0,1,0,0,1,1,0
236,229,Pre GitHub,1,0,1,0,0,1,1,0,0,0,1
531,495,Pre GitHub,0,0,0,0,0,1,0,0,0,0,0
263,244,Pre GitHub,1,1,0,0,0,1,0,0,0,1,0
250,245,Pre GitHub,1,0,0,0,0,1,0,0,0,1,0
567,505,Pre GitHub,1,1,0,0,0,1,0,0,1,0,0
550,509,Pre GitHub,1,1,1,0,0,1,1,1,1,1,1
548,509,Pre GitHub,1,1,0,0,0,1,0,0,0,0,0
539,511,Pre GitHub,1,0,0,0,0,1,0,0,0,0,0
